#
# There is insufficient memory for the Java Runtime Environment to continue.
# Native memory allocation (mmap) failed to map 65536 bytes. Error detail: Failed to commit metaspace.
# Possible reasons:
#   The system is out of physical RAM or swap space
#   This process is running with CompressedOops enabled, and the Java Heap may be blocking the growth of the native heap
# Possible solutions:
#   Reduce memory load on the system
#   Increase physical memory or swap space
#   Check if swap backing store is full
#   Decrease Java heap size (-Xmx/-Xms)
#   Decrease number of Java threads
#   Decrease Java thread stack sizes (-Xss)
#   Set larger code cache with -XX:ReservedCodeCacheSize=
#   JVM is running with Zero Based Compressed Oops mode in which the Java heap is
#     placed in the first 32GB address space. The Java Heap base address is the
#     maximum limit for the native heap growth. Please use -XX:HeapBaseMinAddress
#     to set the Java Heap base and to place the Java Heap above 32GB virtual address.
# This output file may be truncated or incomplete.
#
#  Out of Memory Error (virtualSpaceNode.cpp:113), pid=18264, tid=25464
#
# JRE version: OpenJDK Runtime Environment Zulu21.44+17-CA (21.0.8+9) (build 21.0.8+9-LTS)
# Java VM: OpenJDK 64-Bit Server VM Zulu21.44+17-CA (21.0.8+9-LTS, mixed mode, sharing, tiered, compressed oops, compressed class ptrs, g1 gc, windows-amd64)
# No core dump will be written. Minidumps are not enabled by default on client versions of Windows
#

---------------  S U M M A R Y ------------

Command Line: -javaagent:C:\Program Files\JetBrains\IntelliJ IDEA Community Edition 2025.1.4.1\lib\idea_rt.jar=57664 -Dfile.encoding=UTF-8 -Dsun.stdout.encoding=UTF-8 -Dsun.stderr.encoding=UTF-8 com.meneses.bffagendadortarefas.BffAgendadorTarefasApplication

Host: Intel(R) Core(TM) i7-9750H CPU @ 2.60GHz, 12 cores, 15G,  Windows 11 , 64 bit Build 22621 (10.0.22621.5415)
Time: Mon Sep  1 09:29:07 2025 Hora oficial do Brasil elapsed time: 0.971258 seconds (0d 0h 0m 0s)

---------------  T H R E A D  ---------------

Current thread (0x000001713ee92a50):  JavaThread "main"             [_thread_in_vm, id=25464, stack(0x0000005f7ba00000,0x0000005f7bb00000) (1024K)]

Stack: [0x0000005f7ba00000,0x0000005f7bb00000]
Native frames: (J=compiled Java code, j=interpreted, Vv=VM code, C=native code)
V  [jvm.dll+0x6ffc39]
V  [jvm.dll+0x8e4edf]
V  [jvm.dll+0x8e7328]
V  [jvm.dll+0x8e7a93]
V  [jvm.dll+0x29b036]
V  [jvm.dll+0x8e0b5e]
V  [jvm.dll+0x6a01f5]
V  [jvm.dll+0x1fa1dc]
V  [jvm.dll+0x1f9fae]
V  [jvm.dll+0x6a2b6c]
V  [jvm.dll+0x6a2982]
V  [jvm.dll+0x6a0bfe]
V  [jvm.dll+0x285af6]
V  [jvm.dll+0x22c747]
V  [jvm.dll+0x221e4c]
V  [jvm.dll+0x5da713]
V  [jvm.dll+0x85be31]
V  [jvm.dll+0x85bd9a]
V  [jvm.dll+0x49a067]
V  [jvm.dll+0x4adc86]
C  [java.dll+0x1819]

Java frames: (J=compiled Java code, j=interpreted, Vv=VM code)
J 1234  java.lang.ClassLoader.defineClass0(Ljava/lang/ClassLoader;Ljava/lang/Class;Ljava/lang/String;[BIILjava/security/ProtectionDomain;ZILjava/lang/Object;)Ljava/lang/Class; java.base@21.0.8 (0 bytes) @ 0x000001714f210dbc [0x000001714f210cc0+0x00000000000000fc]
j  java.lang.System$2.defineClass(Ljava/lang/ClassLoader;Ljava/lang/Class;Ljava/lang/String;[BLjava/security/ProtectionDomain;ZILjava/lang/Object;)Ljava/lang/Class;+17 java.base@21.0.8
j  java.lang.invoke.MethodHandles$Lookup$ClassDefiner.defineClass(ZLjava/lang/Object;)Ljava/lang/Class;+57 java.base@21.0.8
j  java.lang.invoke.InvokerBytecodeGenerator.loadMethod([B)Ljava/lang/invoke/MemberName;+22 java.base@21.0.8
j  java.lang.invoke.InvokerBytecodeGenerator.generateCustomizedCode(Ljava/lang/invoke/LambdaForm;Ljava/lang/invoke/MethodType;)Ljava/lang/invoke/MemberName;+30 java.base@21.0.8
j  java.lang.invoke.LambdaForm.compileToBytecode()V+69 java.base@21.0.8
j  java.lang.invoke.DirectMethodHandle.makePreparedLambdaForm(Ljava/lang/invoke/MethodType;I)Ljava/lang/invoke/LambdaForm;+750 java.base@21.0.8
J 1180 c1 java.lang.invoke.DirectMethodHandle.preparedLambdaForm(Ljava/lang/invoke/MemberName;Z)Ljava/lang/invoke/LambdaForm; java.base@21.0.8 (244 bytes) @ 0x000001714789f6dc [0x000001714789ed00+0x00000000000009dc]
J 1532 c1 java.lang.invoke.DirectMethodHandle.make(BLjava/lang/Class;Ljava/lang/invoke/MemberName;Ljava/lang/Class;)Ljava/lang/invoke/DirectMethodHandle; java.base@21.0.8 (275 bytes) @ 0x000001714793d174 [0x000001714793c5c0+0x0000000000000bb4]
j  java.lang.invoke.MethodHandles$Lookup.getDirectMethodCommon(BLjava/lang/Class;Ljava/lang/invoke/MemberName;ZZLjava/lang/invoke/MethodHandles$Lookup;)Ljava/lang/invoke/MethodHandle;+220 java.base@21.0.8
j  java.lang.invoke.MethodHandles$Lookup.getDirectMethod(BLjava/lang/Class;Ljava/lang/invoke/MemberName;Ljava/lang/invoke/MethodHandles$Lookup;)Ljava/lang/invoke/MethodHandle;+14 java.base@21.0.8
j  java.lang.invoke.MethodHandles$Lookup.findStatic(Ljava/lang/Class;Ljava/lang/String;Ljava/lang/invoke/MethodType;)Ljava/lang/invoke/MethodHandle;+23 java.base@21.0.8
j  java.lang.runtime.ObjectMethods.<clinit>()V+671 java.base@21.0.8
v  ~StubRoutines::call_stub 0x000001714ebe100d
J 1241  jdk.internal.misc.Unsafe.ensureClassInitialized0(Ljava/lang/Class;)V java.base@21.0.8 (0 bytes) @ 0x000001714f212107 [0x000001714f2120a0+0x0000000000000067]
j  jdk.internal.misc.Unsafe.ensureClassInitialized(Ljava/lang/Class;)V+14 java.base@21.0.8
j  java.lang.invoke.DirectMethodHandle.checkInitialized(Ljava/lang/invoke/MemberName;)Z+9 java.base@21.0.8
j  java.lang.invoke.DirectMethodHandle.ensureInitialized()V+4 java.base@21.0.8
j  java.lang.invoke.DirectMethodHandle.internalMemberNameEnsureInit(Ljava/lang/Object;)Ljava/lang/Object;+6 java.base@21.0.8
j  java.lang.invoke.LambdaForm$DMH+0x0000017160134000.invokeStaticInit(Ljava/lang/Object;Ljava/lang/Object;Ljava/lang/Object;Ljava/lang/Object;Ljava/lang/Object;Ljava/lang/Object;Ljava/lang/Object;)Ljava/lang/Object;+1 java.base@21.0.8
j  java.lang.invoke.LambdaForm$MH+0x0000017160137400.invoke(Ljava/lang/Object;Ljava/lang/Object;Ljava/lang/Object;Ljava/lang/Object;Ljava/lang/Object;Ljava/lang/Object;Ljava/lang/Object;Ljava/lang/Object;Ljava/lang/Object;)Ljava/lang/Object;+122 java.base@21.0.8
j  java.lang.invoke.LambdaForm$MH+0x0000017160134800.invoke_MT(Ljava/lang/Object;Ljava/lang/Object;Ljava/lang/Object;Ljava/lang/Object;Ljava/lang/Object;Ljava/lang/Object;Ljava/lang/Object;Ljava/lang/Object;Ljava/lang/Object;Ljava/lang/Object;)Ljava/lang/Object;+34 java.base@21.0.8
j  java.lang.invoke.BootstrapMethodInvoker.invoke(Ljava/lang/Class;Ljava/lang/invoke/MethodHandle;Ljava/lang/String;Ljava/lang/Object;Ljava/lang/Object;Ljava/lang/Class;)Ljava/lang/Object;+894 java.base@21.0.8
j  java.lang.invoke.CallSite.makeSite(Ljava/lang/invoke/MethodHandle;Ljava/lang/String;Ljava/lang/invoke/MethodType;Ljava/lang/Object;Ljava/lang/Class;)Ljava/lang/invoke/CallSite;+8 java.base@21.0.8
j  java.lang.invoke.MethodHandleNatives.linkCallSiteImpl(Ljava/lang/Class;Ljava/lang/invoke/MethodHandle;Ljava/lang/String;Ljava/lang/invoke/MethodType;Ljava/lang/Object;[Ljava/lang/Object;)Ljava/lang/invoke/MemberName;+6 java.base@21.0.8
j  java.lang.invoke.MethodHandleNatives.linkCallSite(Ljava/lang/Object;Ljava/lang/Object;Ljava/lang/Object;Ljava/lang/Object;Ljava/lang/Object;[Ljava/lang/Object;)Ljava/lang/invoke/MemberName;+45 java.base@21.0.8
v  ~StubRoutines::call_stub 0x000001714ebe100d
j  org.springframework.boot.context.properties.bind.ValueObjectBinder$ValueObject$CacheKey.hashCode()I+1
J 1163 c2 java.util.concurrent.ConcurrentHashMap.get(Ljava/lang/Object;)Ljava/lang/Object; java.base@21.0.8 (162 bytes) @ 0x000001714f20e804 [0x000001714f20e5c0+0x0000000000000244]
j  org.springframework.boot.context.properties.bind.ValueObjectBinder$ValueObject.get(Lorg/springframework/boot/context/properties/bind/Bindable;Lorg/springframework/boot/context/properties/bind/Binder$Context;Lorg/springframework/boot/context/properties/bind/BindConstructorProvider;Lorg/springframework/core/ParameterNameDiscoverer;)Lorg/springframework/boot/context/properties/bind/ValueObjectBinder$ValueObject;+57
j  org.springframework.boot.context.properties.bind.ValueObjectBinder.bind(Lorg/springframework/boot/context/properties/source/ConfigurationPropertyName;Lorg/springframework/boot/context/properties/bind/Bindable;Lorg/springframework/boot/context/properties/bind/Binder$Context;Lorg/springframework/boot/context/properties/bind/DataObjectPropertyBinder;)Ljava/lang/Object;+9
j  org.springframework.boot.context.properties.bind.Binder.lambda$bindDataObject$6(Lorg/springframework/boot/context/properties/source/ConfigurationPropertyName;Lorg/springframework/boot/context/properties/bind/Bindable;Lorg/springframework/boot/context/properties/bind/Binder$Context;Lorg/springframework/boot/context/properties/bind/DataObjectPropertyBinder;Lorg/springframework/boot/context/properties/bind/DataObjectBinder;)Ljava/lang/Object;+6
j  org.springframework.boot.context.properties.bind.Binder$$Lambda+0x0000017160116300.apply(Ljava/lang/Object;)Ljava/lang/Object;+20
j  org.springframework.boot.context.properties.bind.Binder.fromDataObjectBinders(Lorg/springframework/boot/context/properties/bind/BindMethod;Ljava/util/function/Function;)Ljava/lang/Object;+42
j  org.springframework.boot.context.properties.bind.Binder.lambda$bindDataObject$7(Lorg/springframework/boot/context/properties/bind/BindMethod;Lorg/springframework/boot/context/properties/source/ConfigurationPropertyName;Lorg/springframework/boot/context/properties/bind/Bindable;Lorg/springframework/boot/context/properties/bind/Binder$Context;Lorg/springframework/boot/context/properties/bind/DataObjectPropertyBinder;)Ljava/lang/Object;+13
j  org.springframework.boot.context.properties.bind.Binder$$Lambda+0x00000171601160d8.get()Ljava/lang/Object;+24
j  org.springframework.boot.context.properties.bind.Binder$Context.withIncreasedDepth(Ljava/util/function/Supplier;)Ljava/lang/Object;+5
j  org.springframework.boot.context.properties.bind.Binder$Context.withDataObject(Ljava/lang/Class;Ljava/util/function/Supplier;)Ljava/lang/Object;+12
j  org.springframework.boot.context.properties.bind.Binder.bindDataObject(Lorg/springframework/boot/context/properties/source/ConfigurationPropertyName;Lorg/springframework/boot/context/properties/bind/Bindable;Lorg/springframework/boot/context/properties/bind/BindHandler;Lorg/springframework/boot/context/properties/bind/Binder$Context;Z)Ljava/lang/Object;+77
j  org.springframework.boot.context.properties.bind.Binder.bindObject(Lorg/springframework/boot/context/properties/source/ConfigurationPropertyName;Lorg/springframework/boot/context/properties/bind/Bindable;Lorg/springframework/boot/context/properties/bind/BindHandler;Lorg/springframework/boot/context/properties/bind/Binder$Context;Z)Ljava/lang/Object;+113
j  org.springframework.boot.context.properties.bind.Binder.bind(Lorg/springframework/boot/context/properties/source/ConfigurationPropertyName;Lorg/springframework/boot/context/properties/bind/Bindable;Lorg/springframework/boot/context/properties/bind/BindHandler;Lorg/springframework/boot/context/properties/bind/Binder$Context;ZZ)Ljava/lang/Object;+68
j  org.springframework.boot.context.properties.bind.Binder.bind(Lorg/springframework/boot/context/properties/source/ConfigurationPropertyName;Lorg/springframework/boot/context/properties/bind/Bindable;Lorg/springframework/boot/context/properties/bind/BindHandler;Z)Ljava/lang/Object;+44
j  org.springframework.boot.context.properties.bind.Binder.bind(Lorg/springframework/boot/context/properties/source/ConfigurationPropertyName;Lorg/springframework/boot/context/properties/bind/Bindable;Lorg/springframework/boot/context/properties/bind/BindHandler;)Lorg/springframework/boot/context/properties/bind/BindResult;+5
j  org.springframework.boot.context.config.ConfigDataProperties.get(Lorg/springframework/boot/context/properties/bind/Binder;)Lorg/springframework/boot/context/config/ConfigDataProperties;+14
j  org.springframework.boot.context.config.ConfigDataEnvironmentContributor.withBoundProperties(Ljava/lang/Iterable;Lorg/springframework/boot/context/config/ConfigDataActivationContext;)Lorg/springframework/boot/context/config/ConfigDataEnvironmentContributor;+42
j  org.springframework.boot.context.config.ConfigDataEnvironmentContributors.withProcessedImports(Lorg/springframework/boot/context/config/ConfigDataImporter;Lorg/springframework/boot/context/config/ConfigDataActivationContext;)Lorg/springframework/boot/context/config/ConfigDataEnvironmentContributors;+89
j  org.springframework.boot.context.config.ConfigDataEnvironment.processInitial(Lorg/springframework/boot/context/config/ConfigDataEnvironmentContributors;Lorg/springframework/boot/context/config/ConfigDataImporter;)Lorg/springframework/boot/context/config/ConfigDataEnvironmentContributors;+15
j  org.springframework.boot.context.config.ConfigDataEnvironment.processAndApply()V+42
j  org.springframework.boot.context.config.ConfigDataEnvironmentPostProcessor.postProcessEnvironment(Lorg/springframework/core/env/ConfigurableEnvironment;Lorg/springframework/core/io/ResourceLoader;Ljava/util/Collection;)V+34
j  org.springframework.boot.context.config.ConfigDataEnvironmentPostProcessor.postProcessEnvironment(Lorg/springframework/core/env/ConfigurableEnvironment;Lorg/springframework/boot/SpringApplication;)V+10
j  org.springframework.boot.env.EnvironmentPostProcessorApplicationListener.onApplicationEnvironmentPreparedEvent(Lorg/springframework/boot/context/event/ApplicationEnvironmentPreparedEvent;)V+66
j  org.springframework.boot.env.EnvironmentPostProcessorApplicationListener.onApplicationEvent(Lorg/springframework/context/ApplicationEvent;)V+14
j  org.springframework.context.event.SimpleApplicationEventMulticaster.doInvokeListener(Lorg/springframework/context/ApplicationListener;Lorg/springframework/context/ApplicationEvent;)V+2
j  org.springframework.context.event.SimpleApplicationEventMulticaster.invokeListener(Lorg/springframework/context/ApplicationListener;Lorg/springframework/context/ApplicationEvent;)V+34
j  org.springframework.context.event.SimpleApplicationEventMulticaster.multicastEvent(Lorg/springframework/context/ApplicationEvent;Lorg/springframework/core/ResolvableType;)V+104
j  org.springframework.context.event.SimpleApplicationEventMulticaster.multicastEvent(Lorg/springframework/context/ApplicationEvent;)V+3
j  org.springframework.boot.context.event.EventPublishingRunListener.multicastInitialEvent(Lorg/springframework/context/ApplicationEvent;)V+9
j  org.springframework.boot.context.event.EventPublishingRunListener.environmentPrepared(Lorg/springframework/boot/ConfigurableBootstrapContext;Lorg/springframework/core/env/ConfigurableEnvironment;)V+18
j  org.springframework.boot.SpringApplicationRunListeners.lambda$environmentPrepared$2(Lorg/springframework/boot/ConfigurableBootstrapContext;Lorg/springframework/core/env/ConfigurableEnvironment;Lorg/springframework/boot/SpringApplicationRunListener;)V+3
j  org.springframework.boot.SpringApplicationRunListeners$$Lambda+0x0000017160104000.accept(Ljava/lang/Object;)V+12
j  java.lang.Iterable.forEach(Ljava/util/function/Consumer;)V+30 java.base@21.0.8
j  org.springframework.boot.SpringApplicationRunListeners.doWithListeners(Ljava/lang/String;Ljava/util/function/Consumer;Ljava/util/function/Consumer;)V+17
j  org.springframework.boot.SpringApplicationRunListeners.doWithListeners(Ljava/lang/String;Ljava/util/function/Consumer;)V+4
j  org.springframework.boot.SpringApplicationRunListeners.environmentPrepared(Lorg/springframework/boot/ConfigurableBootstrapContext;Lorg/springframework/core/env/ConfigurableEnvironment;)V+10
j  org.springframework.boot.SpringApplication.prepareEnvironment(Lorg/springframework/boot/SpringApplicationRunListeners;Lorg/springframework/boot/DefaultBootstrapContext;Lorg/springframework/boot/ApplicationArguments;)Lorg/springframework/core/env/ConfigurableEnvironment;+27
j  org.springframework.boot.SpringApplication.run([Ljava/lang/String;)Lorg/springframework/context/ConfigurableApplicationContext;+65
j  org.springframework.boot.SpringApplication.run([Ljava/lang/Class;[Ljava/lang/String;)Lorg/springframework/context/ConfigurableApplicationContext;+9
j  org.springframework.boot.SpringApplication.run(Ljava/lang/Class;[Ljava/lang/String;)Lorg/springframework/context/ConfigurableApplicationContext;+9
j  com.meneses.bffagendadortarefas.BffAgendadorTarefasApplication.main([Ljava/lang/String;)V+3
v  ~StubRoutines::call_stub 0x000001714ebe100d

Compiled method (n/a) 992 1234     n 0       java.lang.ClassLoader::defineClass0 (native)
 total in heap  [0x000001714f210b10,0x000001714f2111a0] = 1680
 relocation     [0x000001714f210c70,0x000001714f210ca8] = 56
 main code      [0x000001714f210cc0,0x000001714f21119a] = 1242
 stub code      [0x000001714f21119a,0x000001714f2111a0] = 6

[Constant Pool (empty)]

[MachCode]
[Entry Point]
  # {method} {0x000001715f486e10} 'defineClass0' '(Ljava/lang/ClassLoader;Ljava/lang/Class;Ljava/lang/String;[BIILjava/security/ProtectionDomain;ZILjava/lang/Object;)Ljava/lang/Class;' in 'java/lang/ClassLoader'
  # parm0:    rdx:rdx   = 'java/lang/ClassLoader'
  # parm1:    r8:r8     = 'java/lang/Class'
  # parm2:    r9:r9     = 'java/lang/String'
  # parm3:    rdi:rdi   = '[B'
  # parm4:    rsi       = int
  # parm5:    rcx       = int
  # parm6:    [sp+0xb0]   = 'java/security/ProtectionDomain'  (sp of caller)
  # parm7:    [sp+0xb8]   = boolean
  # parm8:    [sp+0xc0]   = int
  # parm9:    [sp+0xc8]   = 'java/lang/Object'
  0x000001714f210cc0: 448b 5208 | 49bb 0000 | 005f 7101 | 0000 4d03 | d349 3bc2 | 0f84 0600 

  0x000001714f210cd8: ;   {runtime_call ic_miss_stub}
  0x000001714f210cd8: 0000 e9a1 | daa1 ff90 
[Verified Entry Point]
  0x000001714f210ce0: 8984 2400 | 80ff ff55 | 488b ec48 | 81ec a000 | 0000 6690 | 4181 7f20 | 0100 0000 

  0x000001714f210cfc: ;   {runtime_call StubRoutines (final stubs)}
  0x000001714f210cfc: 7405 e85d | 40a0 ff48 | 837d 2800 | 488d 4528 | 480f 4445 | 2848 8944 | 2458 4863 | 4520 4889 
  0x000001714f210d1c: 4424 5048 | 6345 1848 | 8944 2448 | 4883 7d10 | 0048 8d45 | 1048 0f44 | 4510 4889 | 4424 4048 
  0x000001714f210d3c: 894c 2438 | 4889 7424 | 3048 897c | 2478 4883 | ff00 488d | 4424 7848 | 0f44 4424 | 7848 8944 
  0x000001714f210d5c: 2428 4c89 | 4c24 7049 | 83f9 0048 | 8d44 2470 | 480f 4444 | 2470 4889 | 4424 204c | 8944 2468 
  0x000001714f210d7c: 4983 f800 | 4c8d 4c24 | 684c 0f44 | 4c24 6848 | 8954 2460 | 4883 fa00 | 4c8d 4424 | 604c 0f44 
  0x000001714f210d9c: ;   {oop(a 'java/lang/Class'{0x0000000703357040} = 'java/lang/ClassLoader')}
  0x000001714f210d9c: 4424 6049 | be40 7035 | 0307 0000 | 004c 89b4 | 2490 0000 | 004c 8db4 | 2490 0000 | 0049 8bd6 
  0x000001714f210dbc: ;   {internal_word}
  0x000001714f210dbc: c5f8 7749 | babc 0d21 | 4f71 0100 | 004d 8997 | a803 0000 | 4989 a7a0 

  0x000001714f210dd4: ;   {external_word}
  0x000001714f210dd4: 0300 0049 | bad9 84b6 | 9cf9 7f00 | 0041 803a | 000f 844e | 0000 0052 | 4150 4151 

  0x000001714f210df0: ;   {metadata({method} {0x000001715f486e10} 'defineClass0' '(Ljava/lang/ClassLoader;Ljava/lang/Class;Ljava/lang/String;[BIILjava/security/ProtectionDomain;ZILjava/lang/Object;)Ljava/lang/Class;' in 'java/lang/ClassLoader')}
  0x000001714f210df0: 48ba 086e | 485f 7101 | 0000 498b | cf48 83ec | 2040 f6c4 | 0f0f 8419 | 0000 0048 

  0x000001714f210e0c: ;   {runtime_call}
  0x000001714f210e0c: 83ec 0848 | b8a0 915e | 9cf9 7f00 | 00ff d048 | 83c4 08e9 | 0c00 0000 

  0x000001714f210e24: ;   {runtime_call}
  0x000001714f210e24: 48b8 a091 | 5e9c f97f | 0000 ffd0 | 4883 c420 | 4159 4158 | 5a49 8d8f | c003 0000 | 41c7 874c 
  0x000001714f210e44: 0400 0004 

  0x000001714f210e48: ;   {runtime_call}
  0x000001714f210e48: 0000 0048 | b8d0 16ae | 1ffa 7f00 | 00ff d0c5 | f877 41c7 | 874c 0400 | 0005 0000 | 00f0 8344 
  0x000001714f210e68: 24c0 0049 | 3baf 5004 | 0000 0f87 | 0e00 0000 | 4183 bf48 | 0400 0000 | 0f84 2b00 | 0000 c5f8 
  0x000001714f210e88: 7748 8945 | f849 8bcf | 4c8b e448 | 83ec 2048 

  0x000001714f210e98: ;   {runtime_call}
  0x000001714f210e98: 83e4 f048 | b850 3929 | 9cf9 7f00 | 00ff d049 | 8be4 4d33 | e448 8b45 | f841 c787 | 4c04 0000 
  0x000001714f210eb8: 0800 0000 | 4183 bfc8 | 0400 0002 | 0f84 a302 

  0x000001714f210ec8: ;   {external_word}
  0x000001714f210ec8: 0000 49ba | d984 b69c | f97f 0000 | 4180 3a00 | 0f84 4c00 | 0000 4889 

  0x000001714f210ee0: ;   {metadata({method} {0x000001715f486e10} 'defineClass0' '(Ljava/lang/ClassLoader;Ljava/lang/Class;Ljava/lang/String;[BIILjava/security/ProtectionDomain;ZILjava/lang/Object;)Ljava/lang/Class;' in 'java/lang/ClassLoader')}
  0x000001714f210ee0: 45f8 48ba | 086e 485f | 7101 0000 | 498b cf48 | 83ec 2040 | f6c4 0f0f | 8419 0000 | 0048 83ec 
  0x000001714f210f00: ;   {runtime_call}
  0x000001714f210f00: 0848 b8a0 | 915e 9cf9 | 7f00 00ff | d048 83c4 | 08e9 0c00 

  0x000001714f210f14: ;   {runtime_call}
  0x000001714f210f14: 0000 48b8 | a091 5e9c | f97f 0000 | ffd0 4883 | c420 488b | 45f8 49c7 | 87a0 0300 | 0000 0000 
  0x000001714f210f34: 0049 c787 | a803 0000 | 0000 0000 | c5f8 7748 | 85c0 0f84 | fe01 0000 | a803 0f85 | 0800 0000 
  0x000001714f210f54: 488b 00e9 | ee01 0000 | a801 0f85 | 0900 0000 | 488b 40fe | e9dd 0100 | 0048 8b40 | ff41 807f 
  0x000001714f210f74: 4000 0f84 | ce01 0000 | 4883 f800 | 0f84 c401 | 0000 498b | 4f28 4883 | f900 0f84 | 1400 0000 
  0x000001714f210f94: 4883 e908 | 4989 4f28 | 4903 4f38 | 4889 01e9 | a201 0000 | 4881 ecd0 | 0000 0048 | 8904 2448 
  0x000001714f210fb4: 894c 2408 | 4889 5424 | 1048 8974 | 2418 4889 | 7c24 204c | 8944 2428 | 4c89 4c24 | 304c 8954 
  0x000001714f210fd4: 2438 4c89 | 5c24 40c5 | fb11 4424 | 50c5 fb11 | 4c24 58c5 | fb11 5424 | 60c5 fb11 | 5c24 68c5 
  0x000001714f210ff4: fb11 6424 | 70c5 fb11 | 6c24 78c5 | fb11 b424 | 8000 0000 | c5fb 11bc | 2488 0000 | 00c5 7b11 
  0x000001714f211014: ;   {no_reloc}
  0x000001714f211014: 8424 9000 | 0000 c57b | 118c 2498 | 0000 00c5 | 7b11 9424 | a000 0000 | c57b 119c | 24a8 0000 
  0x000001714f211034: 00c5 7b11 | a424 b000 | 0000 c57b | 11ac 24b8 | 0000 00c5 | 7b11 b424 | c000 0000 | c57b 11bc 
  0x000001714f211054: 24c8 0000 | 0049 8bd7 | 488b c848 | 83ec 2040 | f6c4 0f0f | 8419 0000 | 0048 83ec 

  0x000001714f211070: ;   {runtime_call}
  0x000001714f211070: 0848 b820 | 081c 9cf9 | 7f00 00ff | d048 83c4 | 08e9 0c00 

  0x000001714f211084: ;   {runtime_call}
  0x000001714f211084: 0000 48b8 | 2008 1c9c | f97f 0000 | ffd0 4883 | c420 c57b | 10bc 24c8 | 0000 00c5 | 7b10 b424 
  0x000001714f2110a4: c000 0000 | c57b 10ac | 24b8 0000 | 00c5 7b10 | a424 b000 | 0000 c57b | 109c 24a8 | 0000 00c5 
  0x000001714f2110c4: 7b10 9424 | a000 0000 | c57b 108c | 2498 0000 | 00c5 7b10 | 8424 9000 | 0000 c5fb | 10bc 2488 
  0x000001714f2110e4: 0000 00c5 | fb10 b424 | 8000 0000 | c5fb 106c | 2478 c5fb | 1064 2470 | c5fb 105c | 2468 c5fb 
  0x000001714f211104: 1054 2460 | c5fb 104c | 2458 c5fb | 1044 2450 | 4c8b 5c24 | 404c 8b54 | 2438 4c8b | 4c24 304c 
  0x000001714f211124: 8b44 2428 | 488b 7c24 | 2048 8b74 | 2418 488b | 5424 1048 | 8b4c 2408 | 488b 0424 | 4881 c4d0 
  0x000001714f211144: 0000 00c5 | f877 498b | 8f30 0400 | 00c7 8100 | 0100 0000 | 0000 00c9 | 4983 7f08 | 000f 8501 
  0x000001714f211164: 0000 00c3 

  0x000001714f211168: ;   {runtime_call StubRoutines (initial stubs)}
  0x000001714f211168: e993 fd9c | ffc5 f877 | 4889 45f8 | 4c8b e448 | 83ec 2048 

  0x000001714f21117c: ;   {runtime_call}
  0x000001714f21117c: 83e4 f048 | b8f0 ca5e | 9cf9 7f00 | 00ff d049 | 8be4 4d33 | e448 8b45 | f8e9 30fd | ffff f4f4 
  0x000001714f21119c: f4f4 f4f4 
[/MachCode]


Compiled method (c1) 1000 1180       3       java.lang.invoke.DirectMethodHandle::preparedLambdaForm (244 bytes)
 total in heap  [0x000001714789ea10,0x00000171478a01a0] = 6032
 relocation     [0x000001714789eb70,0x000001714789ed00] = 400
 main code      [0x000001714789ed00,0x000001714789fb58] = 3672
 stub code      [0x000001714789fb58,0x000001714789fc28] = 208
 metadata       [0x000001714789fc28,0x000001714789fc78] = 80
 scopes data    [0x000001714789fc78,0x000001714789fe88] = 528
 scopes pcs     [0x000001714789fe88,0x00000171478a0118] = 656
 dependencies   [0x00000171478a0118,0x00000171478a0128] = 16
 nul chk table  [0x00000171478a0128,0x00000171478a01a0] = 120

[Constant Pool (empty)]

[MachCode]
[Verified Entry Point]
  # {method} {0x000001715f0b0a38} 'preparedLambdaForm' '(Ljava/lang/invoke/MemberName;Z)Ljava/lang/invoke/LambdaForm;' in 'java/lang/invoke/DirectMethodHandle'
  # parm0:    rdx:rdx   = 'java/lang/invoke/MemberName'
  # parm1:    r8        = boolean
  #           [sp+0xc0]  (sp of caller)
  0x000001714789ed00: 8984 2400 | 80ff ff55 | 4881 ecb0 | 0000 0090 | 4181 7f20 | 0100 0000 

  0x000001714789ed18: ;   {runtime_call StubRoutines (final stubs)}
  0x000001714789ed18: 7405 e841 | 6037 0748 | 8954 2470 

  0x000001714789ed24: ;   {metadata(method data for {method} {0x000001715f0b0a38} 'preparedLambdaForm' '(Ljava/lang/invoke/MemberName;Z)Ljava/lang/invoke/LambdaForm;' in 'java/lang/invoke/DirectMethodHandle')}
  0x000001714789ed24: 48be 604a | 37a0 7101 | 0000 8bbe | cc00 0000 | 83c7 0289 | becc 0000 | 0081 e7fe | 0700 0085 
  0x000001714789ed44: ff0f 843e 

  0x000001714789ed48: ;   {metadata(method data for {method} {0x000001715f0b0a38} 'preparedLambdaForm' '(Ljava/lang/invoke/MemberName;Z)Ljava/lang/invoke/LambdaForm;' in 'java/lang/invoke/DirectMethodHandle')}
  0x000001714789ed48: 0c00 0048 | be60 4a37 | a071 0100 | 00ff 8610 | 0100 0044 | 8944 2478 

  0x000001714789ed60: ; implicit exception: dispatches to 0x000001714789f9aa
  0x000001714789ed60: 483b 0248 

  0x000001714789ed64: ;   {metadata(method data for {method} {0x000001715f0b0a38} 'preparedLambdaForm' '(Ljava/lang/invoke/MemberName;Z)Ljava/lang/invoke/LambdaForm;' in 'java/lang/invoke/DirectMethodHandle')}
  0x000001714789ed64: 8bf2 48bf | 604a 37a0 | 7101 0000 | 4883 8798 | 0100 0001 | 488b f248 

  0x000001714789ed7c: ;   {optimized virtual_call}
  0x000001714789ed7c: 8bd6 90e8 

  0x000001714789ed80: ; ImmutableOopMap {[112]=Oop }
                      ;*invokevirtual getInvocationType {reexecute=0 rethrow=0 return_oop=0}
                      ; - java.lang.invoke.DirectMethodHandle::preparedLambdaForm@23 (line 193)
  0x000001714789ed80: 5cc7 f7ff 

  0x000001714789ed84: ;   {other}
  0x000001714789ed84: 0f1f 8400 | 7403 0000 

  0x000001714789ed8c: ; implicit exception: dispatches to 0x000001714789f9af
  0x000001714789ed8c: 483b 0048 

  0x000001714789ed90: ;   {metadata(method data for {method} {0x000001715f0b0a38} 'preparedLambdaForm' '(Ljava/lang/invoke/MemberName;Z)Ljava/lang/invoke/LambdaForm;' in 'java/lang/invoke/DirectMethodHandle')}
  0x000001714789ed90: 8bd0 48be | 604a 37a0 | 7101 0000 | 4883 86d0 | 0100 0001 

  0x000001714789eda4: ;   {metadata(method data for {method} {0x000001715f459990} 'basicType' '()Ljava/lang/invoke/MethodType;' in 'java/lang/invoke/MethodType')}
  0x000001714789eda4: 48ba 5829 | 17a0 7101 | 0000 8bb2 | cc00 0000 | 83c6 0289 | b2cc 0000 | 0081 e6fe | ff1f 0085 
  0x000001714789edc4: f60f 84e9 | 0b00 008b | 5014 48c1 | e203 483b | 0248 8bf2 

  0x000001714789edd8: ;   {metadata(method data for {method} {0x000001715f459990} 'basicType' '()Ljava/lang/invoke/MethodType;' in 'java/lang/invoke/MethodType')}
  0x000001714789edd8: 48bf 5829 | 17a0 7101 | 0000 4883 | 8710 0100 | 0001 8b72 | 1448 c1e6 | 0348 89b4 | 2480 0000 
  0x000001714789edf8: ;   {metadata(method data for {method} {0x000001715f0b0a38} 'preparedLambdaForm' '(Ljava/lang/invoke/MemberName;Z)Ljava/lang/invoke/LambdaForm;' in 'java/lang/invoke/DirectMethodHandle')}
  0x000001714789edf8: 0048 ba60 | 4a37 a071 | 0100 00ff | 8208 0200 | 0048 8b54 | 2470 488b 

  0x000001714789ee10: ;   {metadata(method data for {method} {0x000001715f0b0a38} 'preparedLambdaForm' '(Ljava/lang/invoke/MemberName;Z)Ljava/lang/invoke/LambdaForm;' in 'java/lang/invoke/DirectMethodHandle')}
  0x000001714789ee10: fa48 bb60 | 4a37 a071 | 0100 0048 | 8383 9002 

  0x000001714789ee20: ;   {metadata(method data for {method} {0x000001715f438238} 'getReferenceKind' '()B' in 'java/lang/invoke/MemberName')}
  0x000001714789ee20: 0000 0148 | bfa0 1310 | a071 0100 | 008b 9fcc | 0000 0083 | c302 899f | cc00 0000 | 81e3 feff 
  0x000001714789ee40: 1f00 85db | 0f84 900b | 0000 8b7a | 0cc1 ef18 | 83e7 0fc1 | e718 c1ff 

  0x000001714789ee58: ;   {metadata(method data for {method} {0x000001715f0b0a38} 'preparedLambdaForm' '(Ljava/lang/invoke/MemberName;Z)Ljava/lang/invoke/LambdaForm;' in 'java/lang/invoke/DirectMethodHandle')}
  0x000001714789ee58: 1848 bb60 | 4a37 a071 | 0100 0048 | c7c0 d002 | 0000 83ff | 0548 8bc8 | 48c7 c0e0 | 0200 0048 
  0x000001714789ee78: 0f45 c183 | ff06 488b | c848 c7c0 | f002 0000 | 480f 45c1 | 83ff 0748 | 8bc8 48c7 | c000 0300 
  0x000001714789ee98: 0048 0f45 | c183 ff08 | 488b c848 | c7c0 1003 | 0000 480f | 45c1 83ff | 0948 8bc8 | 48c7 c020 
  0x000001714789eeb8: 0300 0048 | 0f45 c148 | 8b0c 0349 | c7c2 0100 | 0000 4903 | ca48 890c | 0383 ff05 | 0f84 8c00 
  0x000001714789eed8: 0000 83ff | 060f 8469 | 0000 0083 | ff07 0f84 | 4600 0000 | 83ff 080f | 8423 0000 | 0083 ff09 
  0x000001714789eef8: 0f85 b709 

  0x000001714789eefc: ;   {metadata(method data for {method} {0x000001715f0b0a38} 'preparedLambdaForm' '(Ljava/lang/invoke/MemberName;Z)Ljava/lang/invoke/LambdaForm;' in 'java/lang/invoke/DirectMethodHandle')}
  0x000001714789eefc: 0000 48bf | 604a 37a0 | 7101 0000 | ff87 8003 | 0000 bf04 | 0000 00e9 | 6300 0000 

  0x000001714789ef18: ;   {metadata(method data for {method} {0x000001715f0b0a38} 'preparedLambdaForm' '(Ljava/lang/invoke/MemberName;Z)Ljava/lang/invoke/LambdaForm;' in 'java/lang/invoke/DirectMethodHandle')}
  0x000001714789ef18: 48bf 604a | 37a0 7101 | 0000 ff87 | 9803 0000 | bf03 0000 | 00e9 4900 

  0x000001714789ef30: ;   {metadata(method data for {method} {0x000001715f0b0a38} 'preparedLambdaForm' '(Ljava/lang/invoke/MemberName;Z)Ljava/lang/invoke/LambdaForm;' in 'java/lang/invoke/DirectMethodHandle')}
  0x000001714789ef30: 0000 48bf | 604a 37a0 | 7101 0000 | ff87 6803 | 0000 bf02 | 0000 00e9 | 2f00 0000 

  0x000001714789ef4c: ;   {metadata(method data for {method} {0x000001715f0b0a38} 'preparedLambdaForm' '(Ljava/lang/invoke/MemberName;Z)Ljava/lang/invoke/LambdaForm;' in 'java/lang/invoke/DirectMethodHandle')}
  0x000001714789ef4c: 48bf 604a | 37a0 7101 | 0000 ff87 | 5003 0000 | bf01 0000 | 00e9 1500 

  0x000001714789ef64: ;   {metadata(method data for {method} {0x000001715f0b0a38} 'preparedLambdaForm' '(Ljava/lang/invoke/MemberName;Z)Ljava/lang/invoke/LambdaForm;' in 'java/lang/invoke/DirectMethodHandle')}
  0x000001714789ef64: 0000 48bf | 604a 37a0 | 7101 0000 | ff87 3803 | 0000 bf00 | 0000 0083 

  0x000001714789ef7c: ;   {metadata(method data for {method} {0x000001715f0b0a38} 'preparedLambdaForm' '(Ljava/lang/invoke/MemberName;Z)Ljava/lang/invoke/LambdaForm;' in 'java/lang/invoke/DirectMethodHandle')}
  0x000001714789ef7c: ff01 48bb | 604a 37a0 | 7101 0000 | 48c7 c0f8 | 0300 0075 | 0748 c7c0 | 0804 0000 | 488b 0c03 
  0x000001714789ef9c: 488d 4901 | 4889 0c03 | 0f85 c203 | 0000 897c 

  0x000001714789efac: ;   {metadata(method data for {method} {0x000001715f0b0a38} 'preparedLambdaForm' '(Ljava/lang/invoke/MemberName;Z)Ljava/lang/invoke/LambdaForm;' in 'java/lang/invoke/DirectMethodHandle')}
  0x000001714789efac: 247c 48bb | 604a 37a0 | 7101 0000 | 4883 8318 | 0400 0001 | 488b da48 

  0x000001714789efc4: ;   {static_call}
  0x000001714789efc4: 8bd3 90e8 

  0x000001714789efc8: ; ImmutableOopMap {[112]=Oop [128]=Oop }
                      ;*invokestatic shouldBeInitialized {reexecute=0 rethrow=0 return_oop=0}
                      ; - java.lang.invoke.DirectMethodHandle::preparedLambdaForm@131 (line 208)
  0x000001714789efc8: 1a0c 0000 

  0x000001714789efcc: ;   {other}
  0x000001714789efcc: 0f1f 8400 | bc05 0001 

  0x000001714789efd4: ;   {metadata(method data for {method} {0x000001715f0b0a38} 'preparedLambdaForm' '(Ljava/lang/invoke/MemberName;Z)Ljava/lang/invoke/LambdaForm;' in 'java/lang/invoke/DirectMethodHandle')}
  0x000001714789efd4: 85c0 48ba | 604a 37a0 | 7101 0000 | 48c7 c628 | 0400 0074 | 0748 c7c6 | 3804 0000 | 488b 3c32 
  0x000001714789eff4: 488d 7f01 | 4889 3c32 | 8b7c 247c | 0f84 6603 | 0000 488b | b424 8000 

  0x000001714789f00c: ;   {metadata(method data for {method} {0x000001715f0b0a38} 'preparedLambdaForm' '(Ljava/lang/invoke/MemberName;Z)Ljava/lang/invoke/LambdaForm;' in 'java/lang/invoke/DirectMethodHandle')}
  0x000001714789f00c: 0000 48ba | 604a 37a0 | 7101 0000 | 4883 8248 | 0400 0001 

  0x000001714789f020: ;   {metadata(method data for {method} {0x000001715f0b0aa0} 'preparedLambdaForm' '(Ljava/lang/invoke/MethodType;I)Ljava/lang/invoke/LambdaForm;' in 'java/lang/invoke/DirectMethodHandle')}
  0x000001714789f020: 48ba 58ff | 36a0 7101 | 0000 8b9a | cc00 0000 | 83c3 0289 | 9acc 0000 | 0081 e3fe | ff1f 0085 
  0x000001714789f040: db0f 84b4 | 0900 0048 | 3b06 488b 

  0x000001714789f04c: ;   {metadata(method data for {method} {0x000001715f0b0aa0} 'preparedLambdaForm' '(Ljava/lang/invoke/MethodType;I)Ljava/lang/invoke/LambdaForm;' in 'java/lang/invoke/DirectMethodHandle')}
  0x000001714789f04c: d648 bb58 | ff36 a071 | 0100 0048 | 8383 1001 | 0000 018b | 5614 48c1 | e203 483b | 0248 8bda 
  0x000001714789f06c: ;   {metadata(method data for {method} {0x000001715f0b0aa0} 'preparedLambdaForm' '(Ljava/lang/invoke/MethodType;I)Ljava/lang/invoke/LambdaForm;' in 'java/lang/invoke/DirectMethodHandle')}
  0x000001714789f06c: 48b8 58ff | 36a0 7101 | 0000 4883 | 8048 0100 

  0x000001714789f07c: ;   {metadata(method data for {method} {0x000001715f444110} 'cachedLambdaForm' '(I)Ljava/lang/invoke/LambdaForm;' in 'java/lang/invoke/MethodTypeForm')}
  0x000001714789f07c: 0001 48bb | 6801 12a0 | 7101 0000 | 8b83 cc00 | 0000 83c0 | 0289 83cc | 0000 0025 | feff 1f00 
  0x000001714789f09c: 85c0 0f84 | 8209 0000 | 8b52 1c48 | c1e2 038b | 5a0c 3bdf | 0f86 9609 | 0000 4863 | df8b 549a 
  0x000001714789f0bc: 1048 c1e2 | 0348 85d2 

  0x000001714789f0c4: ;   {metadata(method data for {method} {0x000001715f444110} 'cachedLambdaForm' '(I)Ljava/lang/invoke/LambdaForm;' in 'java/lang/invoke/MethodTypeForm')}
  0x000001714789f0c4: 48bb 6801 | 12a0 7101 | 0000 48c7 | c010 0100 | 0074 0748 | c7c0 2001 | 0000 488b | 0c03 488d 
  0x000001714789f0e4: 4901 4889 | 0c03 897c | 247c 0f84 | a901 0000 

  0x000001714789f0f4: ; implicit exception: dispatches to 0x000001714789fa5a
  0x000001714789f0f4: 483b 0248 

  0x000001714789f0f8: ;   {metadata(method data for {method} {0x000001715f444110} 'cachedLambdaForm' '(I)Ljava/lang/invoke/LambdaForm;' in 'java/lang/invoke/MethodTypeForm')}
  0x000001714789f0f8: 8bda 48b8 | 6801 12a0 | 7101 0000 | 8b5b 0849 | ba00 0000 | 5f71 0100 | 0049 03da | 483b 9840 
  0x000001714789f118: 0100 0075 | 0d48 8380 | 4801 0000 | 01e9 6000 | 0000 483b | 9850 0100 | 0075 0d48 | 8380 5801 
  0x000001714789f138: 0000 01e9 | 4a00 0000 | 4883 b840 | 0100 0000 | 7517 4889 | 9840 0100 | 0048 c780 | 4801 0000 
  0x000001714789f158: 0100 0000 | e929 0000 | 0048 83b8 | 5001 0000 | 0075 1748 | 8998 5001 | 0000 48c7 | 8058 0100 
  0x000001714789f178: 0001 0000 | 00e9 0800 | 0000 4883 | 8030 0100 | 0001 0f1f 

  0x000001714789f18c: ;   {optimized virtual_call}
  0x000001714789f18c: 4400 00e8 

  0x000001714789f190: ; ImmutableOopMap {[112]=Oop [128]=Oop }
                      ;*invokevirtual get {reexecute=0 rethrow=0 return_oop=0}
                      ; - java.lang.invoke.MethodTypeForm::cachedLambdaForm@12 (line 132)
                      ; - java.lang.invoke.DirectMethodHandle::preparedLambdaForm@5 (line 229)
                      ; - java.lang.invoke.DirectMethodHandle::preparedLambdaForm@139 (line 210)
  0x000001714789f190: 4c22 f4ff 

  0x000001714789f194: ;   {other}
  0x000001714789f194: 0f1f 8400 | 8407 0002 | 4885 c075 

  0x000001714789f1a0: ;   {metadata(method data for {method} {0x000001715f444110} 'cachedLambdaForm' '(I)Ljava/lang/invoke/LambdaForm;' in 'java/lang/invoke/MethodTypeForm')}
  0x000001714789f1a0: 1648 be68 | 0112 a071 | 0100 0080 | 8e61 0100 | 0001 e9cd 

  0x000001714789f1b4: ;   {metadata('java/lang/invoke/LambdaForm')}
  0x000001714789f1b4: 0000 0048 | bf68 c809 | 5f71 0100 | 0044 8b40 | 0849 ba00 | 0000 5f71 | 0100 004d | 03c2 493b 
  0x000001714789f1d4: f80f 858d 

  0x000001714789f1d8: ;   {metadata(method data for {method} {0x000001715f444110} 'cachedLambdaForm' '(I)Ljava/lang/invoke/LambdaForm;' in 'java/lang/invoke/MethodTypeForm')}
  0x000001714789f1d8: 0000 0048 | be68 0112 | a071 0100 | 008b 7808 | 49ba 0000 | 005f 7101 | 0000 4903 | fa48 3bbe 
  0x000001714789f1f8: 7801 0000 | 750d 4883 | 8680 0100 | 0001 e979 | 0000 0048 | 3bbe 8801 | 0000 750d | 4883 8690 
  0x000001714789f218: 0100 0001 | e963 0000 | 0048 83be | 7801 0000 | 0075 1748 | 89be 7801 | 0000 48c7 | 8680 0100 
  0x000001714789f238: 0001 0000 | 00e9 4200 | 0000 4883 | be88 0100 | 0000 7517 | 4889 be88 | 0100 0048 | c786 9001 
  0x000001714789f258: 0000 0100 | 0000 e921 | 0000 00e9 | 1c00 0000 

  0x000001714789f268: ;   {metadata(method data for {method} {0x000001715f444110} 'cachedLambdaForm' '(I)Ljava/lang/invoke/LambdaForm;' in 'java/lang/invoke/MethodTypeForm')}
  0x000001714789f268: 48be 6801 | 12a0 7101 | 0000 4883 | ae68 0100 | 0001 e9e0 | 0700 00e9 | 0000 0000 

  0x000001714789f284: ;   {metadata(method data for {method} {0x000001715f444110} 'cachedLambdaForm' '(I)Ljava/lang/invoke/LambdaForm;' in 'java/lang/invoke/MethodTypeForm')}
  0x000001714789f284: 488b d049 | b868 0112 | a071 0100 | 0041 ff80 | a001 0000 | e90a 0000 

  0x000001714789f29c: ;   {oop(nullptr)}
  0x000001714789f29c: 0048 ba00 | 0000 0000 | 0000 0048 

  0x000001714789f2a8: ;   {metadata(method data for {method} {0x000001715f0b0aa0} 'preparedLambdaForm' '(Ljava/lang/invoke/MethodType;I)Ljava/lang/invoke/LambdaForm;' in 'java/lang/invoke/DirectMethodHandle')}
  0x000001714789f2a8: 85d2 49b8 | 58ff 36a0 | 7101 0000 | 48c7 c690 | 0100 0075 | 0748 c7c6 | 8001 0000 | 498b 3c30 
  0x000001714789f2c8: 488d 7f01 | 4989 3c30 | 0f85 9100 | 0000 8b7c | 247c 488b | b424 8000 

  0x000001714789f2e0: ;   {metadata(method data for {method} {0x000001715f0b0aa0} 'preparedLambdaForm' '(Ljava/lang/invoke/MethodType;I)Ljava/lang/invoke/LambdaForm;' in 'java/lang/invoke/DirectMethodHandle')}
  0x000001714789f2e0: 0000 48ba | 58ff 36a0 | 7101 0000 | 4883 82a0 | 0100 0001 | 488b d64c | 8bc7 897c 

  0x000001714789f2fc: ;   {static_call}
  0x000001714789f2fc: 247c 90e8 

  0x000001714789f300: ; ImmutableOopMap {[112]=Oop [128]=Oop }
                      ;*invokestatic makePreparedLambdaForm {reexecute=0 rethrow=0 return_oop=0}
                      ; - java.lang.invoke.DirectMethodHandle::preparedLambdaForm@17 (line 231)
                      ; - java.lang.invoke.DirectMethodHandle::preparedLambdaForm@139 (line 210)
  0x000001714789f300: 8808 0000 

  0x000001714789f304: ;   {other}
  0x000001714789f304: 0f1f 8400 | f408 0003 | 488b b424 | 8000 0000 

  0x000001714789f314: ;   {metadata(method data for {method} {0x000001715f0b0aa0} 'preparedLambdaForm' '(Ljava/lang/invoke/MethodType;I)Ljava/lang/invoke/LambdaForm;' in 'java/lang/invoke/DirectMethodHandle')}
  0x000001714789f314: 49b8 58ff | 36a0 7101 | 0000 4983 | 80b0 0100 | 0001 488b | b424 8000 | 0000 8b56 | 1448 c1e2 
  0x000001714789f334: 0348 3b02 

  0x000001714789f338: ;   {metadata(method data for {method} {0x000001715f0b0aa0} 'preparedLambdaForm' '(Ljava/lang/invoke/MethodType;I)Ljava/lang/invoke/LambdaForm;' in 'java/lang/invoke/DirectMethodHandle')}
  0x000001714789f338: 4c8b c249 | b958 ff36 | a071 0100 | 0049 8381 | e801 0000 | 0144 8b44 | 247c 4c8b 

  0x000001714789f354: ;   {optimized virtual_call}
  0x000001714789f354: c866 90e8 

  0x000001714789f358: ; ImmutableOopMap {[112]=Oop [128]=Oop }
                      ;*invokevirtual setCachedLambdaForm {reexecute=0 rethrow=0 return_oop=0}
                      ; - java.lang.invoke.DirectMethodHandle::preparedLambdaForm@27 (line 232)
                      ; - java.lang.invoke.DirectMethodHandle::preparedLambdaForm@139 (line 210)
  0x000001714789f358: 3f08 0000 

  0x000001714789f35c: ;   {other}
  0x000001714789f35c: 0f1f 8400 | 4c09 0004 | 488b d0bf | 0500 0000 

  0x000001714789f36c: ;   {metadata(method data for {method} {0x000001715f0b0a38} 'preparedLambdaForm' '(Ljava/lang/invoke/MemberName;Z)Ljava/lang/invoke/LambdaForm;' in 'java/lang/invoke/DirectMethodHandle')}
  0x000001714789f36c: 83ff 0248 | ba60 4a37 | a071 0100 | 0048 c7c6 | 5804 0000 | 7507 48c7 | c668 0400 | 0048 8b1c 
  0x000001714789f38c: 3248 8d5b | 0148 891c | 320f 8539 | 0000 0044 | 8b44 2478 

  0x000001714789f3a0: ;   {metadata(method data for {method} {0x000001715f0b0a38} 'preparedLambdaForm' '(Ljava/lang/invoke/MemberName;Z)Ljava/lang/invoke/LambdaForm;' in 'java/lang/invoke/DirectMethodHandle')}
  0x000001714789f3a0: 4585 c048 | ba60 4a37 | a071 0100 | 0048 c7c6 | 7804 0000 | 7407 48c7 | c688 0400 | 0048 8b1c 
  0x000001714789f3c0: 3248 8d5b | 0148 891c | 320f 8405 | 0000 00bf | 1400 0000 | 488b b424 | 8000 0000 

  0x000001714789f3dc: ;   {metadata(method data for {method} {0x000001715f0b0a38} 'preparedLambdaForm' '(Ljava/lang/invoke/MemberName;Z)Ljava/lang/invoke/LambdaForm;' in 'java/lang/invoke/DirectMethodHandle')}
  0x000001714789f3dc: 48ba 604a | 37a0 7101 | 0000 4883 | 8298 0400 

  0x000001714789f3ec: ;   {metadata(method data for {method} {0x000001715f0b0aa0} 'preparedLambdaForm' '(Ljava/lang/invoke/MethodType;I)Ljava/lang/invoke/LambdaForm;' in 'java/lang/invoke/DirectMethodHandle')}
  0x000001714789f3ec: 0001 48ba | 58ff 36a0 | 7101 0000 | 8b9a cc00 | 0000 83c3 | 0289 9acc | 0000 0081 | e3fe ff1f 
  0x000001714789f40c: 0085 db0f | 8458 0600 | 0048 3b06 

  0x000001714789f418: ;   {metadata(method data for {method} {0x000001715f0b0aa0} 'preparedLambdaForm' '(Ljava/lang/invoke/MethodType;I)Ljava/lang/invoke/LambdaForm;' in 'java/lang/invoke/DirectMethodHandle')}
  0x000001714789f418: 488b d648 | bb58 ff36 | a071 0100 | 0048 8383 | 1001 0000 | 018b 5614 | 48c1 e203 

  0x000001714789f434: ; implicit exception: dispatches to 0x000001714789fa93
  0x000001714789f434: 483b 0248 

  0x000001714789f438: ;   {metadata(method data for {method} {0x000001715f0b0aa0} 'preparedLambdaForm' '(Ljava/lang/invoke/MethodType;I)Ljava/lang/invoke/LambdaForm;' in 'java/lang/invoke/DirectMethodHandle')}
  0x000001714789f438: 8bda 48b8 | 58ff 36a0 | 7101 0000 | 4883 8048 | 0100 0001 

  0x000001714789f44c: ;   {metadata(method data for {method} {0x000001715f444110} 'cachedLambdaForm' '(I)Ljava/lang/invoke/LambdaForm;' in 'java/lang/invoke/MethodTypeForm')}
  0x000001714789f44c: 48bb 6801 | 12a0 7101 | 0000 8b83 | cc00 0000 | 83c0 0289 | 83cc 0000 | 0025 feff | 1f00 85c0 
  0x000001714789f46c: 0f84 2606 | 0000 8b52 | 1c48 c1e2 | 038b 5a0c | 3bdf 0f86 | 3a06 0000 | 4863 df8b | 549a 1048 
  0x000001714789f48c: c1e2 0348 

  0x000001714789f490: ;   {metadata(method data for {method} {0x000001715f444110} 'cachedLambdaForm' '(I)Ljava/lang/invoke/LambdaForm;' in 'java/lang/invoke/MethodTypeForm')}
  0x000001714789f490: 85d2 48bb | 6801 12a0 | 7101 0000 | 48c7 c010 | 0100 0074 | 0748 c7c0 | 2001 0000 | 488b 0c03 
  0x000001714789f4b0: 488d 4901 | 4889 0c03 | 89bc 2488 | 0000 000f | 84a8 0100 | 0048 3b02 

  0x000001714789f4c8: ;   {metadata(method data for {method} {0x000001715f444110} 'cachedLambdaForm' '(I)Ljava/lang/invoke/LambdaForm;' in 'java/lang/invoke/MethodTypeForm')}
  0x000001714789f4c8: 488b da48 | b868 0112 | a071 0100 | 008b 5b08 | 49ba 0000 | 005f 7101 | 0000 4903 | da48 3b98 
  0x000001714789f4e8: 4001 0000 | 750d 4883 | 8048 0100 | 0001 e960 | 0000 0048 | 3b98 5001 | 0000 750d | 4883 8058 
  0x000001714789f508: 0100 0001 | e94a 0000 | 0048 83b8 | 4001 0000 | 0075 1748 | 8998 4001 | 0000 48c7 | 8048 0100 
  0x000001714789f528: 0001 0000 | 00e9 2900 | 0000 4883 | b850 0100 | 0000 7517 | 4889 9850 | 0100 0048 | c780 5801 
  0x000001714789f548: 0000 0100 | 0000 e908 | 0000 0048 | 8380 3001 | 0000 010f 

  0x000001714789f55c: ;   {optimized virtual_call}
  0x000001714789f55c: 1f40 00e8 

  0x000001714789f560: ; ImmutableOopMap {[112]=Oop [128]=Oop }
                      ;*invokevirtual get {reexecute=0 rethrow=0 return_oop=0}
                      ; - java.lang.invoke.MethodTypeForm::cachedLambdaForm@12 (line 132)
                      ; - java.lang.invoke.DirectMethodHandle::preparedLambdaForm@5 (line 229)
                      ; - java.lang.invoke.DirectMethodHandle::preparedLambdaForm@159 (line 216)
  0x000001714789f560: 7c1e f4ff 

  0x000001714789f564: ;   {other}
  0x000001714789f564: 0f1f 8400 | 540b 0005 | 4885 c075 

  0x000001714789f570: ;   {metadata(method data for {method} {0x000001715f444110} 'cachedLambdaForm' '(I)Ljava/lang/invoke/LambdaForm;' in 'java/lang/invoke/MethodTypeForm')}
  0x000001714789f570: 1648 be68 | 0112 a071 | 0100 0080 | 8e61 0100 | 0001 e9cd 

  0x000001714789f584: ;   {metadata('java/lang/invoke/LambdaForm')}
  0x000001714789f584: 0000 0048 | bf68 c809 | 5f71 0100 | 0044 8b40 | 0849 ba00 | 0000 5f71 | 0100 004d | 03c2 493b 
  0x000001714789f5a4: f80f 858d 

  0x000001714789f5a8: ;   {metadata(method data for {method} {0x000001715f444110} 'cachedLambdaForm' '(I)Ljava/lang/invoke/LambdaForm;' in 'java/lang/invoke/MethodTypeForm')}
  0x000001714789f5a8: 0000 0048 | be68 0112 | a071 0100 | 008b 7808 | 49ba 0000 | 005f 7101 | 0000 4903 | fa48 3bbe 
  0x000001714789f5c8: 7801 0000 | 750d 4883 | 8680 0100 | 0001 e979 | 0000 0048 | 3bbe 8801 | 0000 750d | 4883 8690 
  0x000001714789f5e8: 0100 0001 | e963 0000 | 0048 83be | 7801 0000 | 0075 1748 | 89be 7801 | 0000 48c7 | 8680 0100 
  0x000001714789f608: 0001 0000 | 00e9 4200 | 0000 4883 | be88 0100 | 0000 7517 | 4889 be88 | 0100 0048 | c786 9001 
  0x000001714789f628: 0000 0100 | 0000 e921 | 0000 00e9 | 1c00 0000 

  0x000001714789f638: ;   {metadata(method data for {method} {0x000001715f444110} 'cachedLambdaForm' '(I)Ljava/lang/invoke/LambdaForm;' in 'java/lang/invoke/MethodTypeForm')}
  0x000001714789f638: 48be 6801 | 12a0 7101 | 0000 4883 | ae68 0100 | 0001 e982 | 0400 00e9 | 0000 0000 

  0x000001714789f654: ;   {metadata(method data for {method} {0x000001715f444110} 'cachedLambdaForm' '(I)Ljava/lang/invoke/LambdaForm;' in 'java/lang/invoke/MethodTypeForm')}
  0x000001714789f654: 488b d049 | b868 0112 | a071 0100 | 0041 ff80 | a001 0000 | e90a 0000 

  0x000001714789f66c: ;   {oop(nullptr)}
  0x000001714789f66c: 0048 ba00 | 0000 0000 | 0000 0048 

  0x000001714789f678: ;   {metadata(method data for {method} {0x000001715f0b0aa0} 'preparedLambdaForm' '(Ljava/lang/invoke/MethodType;I)Ljava/lang/invoke/LambdaForm;' in 'java/lang/invoke/DirectMethodHandle')}
  0x000001714789f678: 85d2 49b8 | 58ff 36a0 | 7101 0000 | 48c7 c690 | 0100 0075 | 0748 c7c6 | 8001 0000 | 498b 3c30 
  0x000001714789f698: 488d 7f01 | 4989 3c30 | 0f85 a100 | 0000 8bbc | 2488 0000 | 0048 8bb4 | 2480 0000 

  0x000001714789f6b4: ;   {metadata(method data for {method} {0x000001715f0b0aa0} 'preparedLambdaForm' '(Ljava/lang/invoke/MethodType;I)Ljava/lang/invoke/LambdaForm;' in 'java/lang/invoke/DirectMethodHandle')}
  0x000001714789f6b4: 0048 ba58 | ff36 a071 | 0100 0048 | 8382 a001 | 0000 0148 | 8bd6 4c8b | c789 bc24 | 8800 0000 
  0x000001714789f6d4: ;   {static_call}
  0x000001714789f6d4: 6666 90e8 

  0x000001714789f6d8: ; ImmutableOopMap {[112]=Oop [128]=Oop }
                      ;*invokestatic makePreparedLambdaForm {reexecute=0 rethrow=0 return_oop=0}
                      ; - java.lang.invoke.DirectMethodHandle::preparedLambdaForm@17 (line 231)
                      ; - java.lang.invoke.DirectMethodHandle::preparedLambdaForm@159 (line 216)
  0x000001714789f6d8: b004 0000 

  0x000001714789f6dc: ;   {other}
  0x000001714789f6dc: 0f1f 8400 | cc0c 0006 | 488b b424 | 8000 0000 

  0x000001714789f6ec: ;   {metadata(method data for {method} {0x000001715f0b0aa0} 'preparedLambdaForm' '(Ljava/lang/invoke/MethodType;I)Ljava/lang/invoke/LambdaForm;' in 'java/lang/invoke/DirectMethodHandle')}
  0x000001714789f6ec: 49b8 58ff | 36a0 7101 | 0000 4983 | 80b0 0100 | 0001 488b | b424 8000 | 0000 8b56 | 1448 c1e2 
  0x000001714789f70c: 0348 3b02 

  0x000001714789f710: ;   {metadata(method data for {method} {0x000001715f0b0aa0} 'preparedLambdaForm' '(Ljava/lang/invoke/MethodType;I)Ljava/lang/invoke/LambdaForm;' in 'java/lang/invoke/DirectMethodHandle')}
  0x000001714789f710: 4c8b c249 | b958 ff36 | a071 0100 | 0049 8381 | e801 0000 | 0144 8b84 | 2488 0000 | 004c 8bc8 
  0x000001714789f730: 0f1f 8000 

  0x000001714789f734: ;   {optimized virtual_call}
  0x000001714789f734: 0000 00e8 

  0x000001714789f738: ; ImmutableOopMap {[112]=Oop }
                      ;*invokevirtual setCachedLambdaForm {reexecute=0 rethrow=0 return_oop=0}
                      ; - java.lang.invoke.DirectMethodHandle::preparedLambdaForm@27 (line 232)
                      ; - java.lang.invoke.DirectMethodHandle::preparedLambdaForm@159 (line 216)
  0x000001714789f738: 5f04 0000 

  0x000001714789f73c: ;   {other}
  0x000001714789f73c: 0f1f 8400 | 2c0d 0007 

  0x000001714789f744: ;   {metadata(method data for {method} {0x000001715f0b0a38} 'preparedLambdaForm' '(Ljava/lang/invoke/MemberName;Z)Ljava/lang/invoke/LambdaForm;' in 'java/lang/invoke/DirectMethodHandle')}
  0x000001714789f744: 488b d049 | b860 4a37 | a071 0100 | 0049 8380 | a804 0000 

  0x000001714789f758: ;   {metadata(method data for {method} {0x000001715f0b0d78} 'maybeCompile' '(Ljava/lang/invoke/LambdaForm;Ljava/lang/invoke/MemberName;)V' in 'java/lang/invoke/DirectMethodHandle')}
  0x000001714789f758: 0149 b8f8 | ef36 a071 | 0100 0041 | 8bb0 cc00 | 0000 83c6 | 0241 89b0 | cc00 0000 | 81e6 feff 
  0x000001714789f778: 1f00 85f6 | 0f84 5d03 | 0000 448b | 4228 49c1 | e003 4d85 

  0x000001714789f78c: ;   {metadata(method data for {method} {0x000001715f0b0d78} 'maybeCompile' '(Ljava/lang/invoke/LambdaForm;Ljava/lang/invoke/MemberName;)V' in 'java/lang/invoke/DirectMethodHandle')}
  0x000001714789f78c: c049 b8f8 | ef36 a071 | 0100 0048 | c7c6 1001 | 0000 7507 | 48c7 c620 | 0100 0049 | 8b3c 3048 
  0x000001714789f7ac: 8d7f 0149 | 893c 3048 | 8994 2490 | 0000 000f | 85c3 0000 | 0048 8b54 | 2470 4c8b 

  0x000001714789f7c8: ;   {metadata(method data for {method} {0x000001715f0b0d78} 'maybeCompile' '(Ljava/lang/invoke/LambdaForm;Ljava/lang/invoke/MemberName;)V' in 'java/lang/invoke/DirectMethodHandle')}
  0x000001714789f7c8: c248 bff8 | ef36 a071 | 0100 0048 | 8387 3001 | 0000 0144 | 8b42 1849 

  0x000001714789f7e0: ;   {metadata(method data for {method} {0x000001715f0b0d78} 'maybeCompile' '(Ljava/lang/invoke/LambdaForm;Ljava/lang/invoke/MemberName;)V' in 'java/lang/invoke/DirectMethodHandle')}
  0x000001714789f7e0: c1e0 0348 | bff8 ef36 | a071 0100 | 0048 8387 | 6801 0000 | 0149 8bd0 

  0x000001714789f7f8: ;   {oop(a 'java/lang/Class'{0x0000000703350ce8} = 'java/lang/invoke/MethodHandle')}
  0x000001714789f7f8: 49b8 e80c | 3503 0700 | 0000 0f1f 

  0x000001714789f804: ;   {static_call}
  0x000001714789f804: 4400 00e8 

  0x000001714789f808: ; ImmutableOopMap {[112]=Oop [144]=Oop }
                      ;*invokestatic isSamePackage {reexecute=0 rethrow=0 return_oop=0}
                      ; - java.lang.invoke.DirectMethodHandle::maybeCompile@13 (line 318)
                      ; - java.lang.invoke.DirectMethodHandle::preparedLambdaForm@167 (line 217)
  0x000001714789f808: 74f8 3807 

  0x000001714789f80c: ;   {other}
  0x000001714789f80c: 0f1f 8400 | fc0d 0008 

  0x000001714789f814: ;   {metadata(method data for {method} {0x000001715f0b0d78} 'maybeCompile' '(Ljava/lang/invoke/LambdaForm;Ljava/lang/invoke/MemberName;)V' in 'java/lang/invoke/DirectMethodHandle')}
  0x000001714789f814: 85c0 48ba | f8ef 36a0 | 7101 0000 | 48c7 c678 | 0100 0074 | 0748 c7c6 | 8801 0000 | 488b 3c32 
  0x000001714789f834: 488d 7f01 | 4889 3c32 | 0f84 4200 | 0000 488b | 9424 9000 

  0x000001714789f848: ;   {metadata(method data for {method} {0x000001715f0b0d78} 'maybeCompile' '(Ljava/lang/invoke/LambdaForm;Ljava/lang/invoke/MemberName;)V' in 'java/lang/invoke/DirectMethodHandle')}
  0x000001714789f848: 0000 48be | f8ef 36a0 | 7101 0000 

  0x000001714789f854: ;   {metadata('java/lang/invoke/LambdaForm')}
  0x000001714789f854: 49ba 68c8 | 095f 7101 | 0000 4c89 | 96a8 0100 | 0048 8386 | b001 0000 | 0148 8b94 | 2490 0000 
  0x000001714789f874: ;   {optimized virtual_call}
  0x000001714789f874: 0066 90e8 

  0x000001714789f878: ; ImmutableOopMap {[112]=Oop [144]=Oop }
                      ;*invokevirtual compileToBytecode {reexecute=0 rethrow=0 return_oop=0}
                      ; - java.lang.invoke.DirectMethodHandle::maybeCompile@20 (line 320)
                      ; - java.lang.invoke.DirectMethodHandle::preparedLambdaForm@167 (line 217)
  0x000001714789f878: 04f2 3807 

  0x000001714789f87c: ;   {other}
  0x000001714789f87c: 0f1f 8400 | 6c0e 0009 

  0x000001714789f884: ;   {metadata(method data for {method} {0x000001715f0b0a38} 'preparedLambdaForm' '(Ljava/lang/invoke/MemberName;Z)Ljava/lang/invoke/LambdaForm;' in 'java/lang/invoke/DirectMethodHandle')}
  0x000001714789f884: 48b8 604a | 37a0 7101 | 0000 ff80 | b804 0000 | 488b 9424 | 9000 0000 | 488b c248 | 81c4 b000 
  0x000001714789f8a4: ;   {poll_return}
  0x000001714789f8a4: 0000 5d49 | 3ba7 5004 | 0000 0f87 | 5102 0000 | c348 8bda 

  0x000001714789f8b8: ;   {metadata('java/lang/InternalError')}
  0x000001714789f8b8: 48ba 6019 | 015f 7101 | 0000 498b | 87b8 0100 | 0048 8d78 | 2849 3bbf | c801 0000 | 0f87 4102 
  0x000001714789f8d8: 0000 4989 | bfb8 0100 | 0048 c700 | 0100 0000 | 488b ca49 | ba00 0000 | 5f71 0100 | 0049 2bca 
  0x000001714789f8f8: 8948 0848 | 33c9 8948 | 0c48 33c9 | 4889 4810 | 4889 4818 | 4889 4820 

  0x000001714789f910: ;   {metadata(method data for {method} {0x000001715f0b0a38} 'preparedLambdaForm' '(Ljava/lang/invoke/MemberName;Z)Ljava/lang/invoke/LambdaForm;' in 'java/lang/invoke/DirectMethodHandle')}
  0x000001714789f910: 488b d348 | be60 4a37 | a071 0100 | 0048 8386 | b003 0000 | 0148 8bd3 | 4889 8424 | 9800 0000 
  0x000001714789f930: 0f1f 8000 

  0x000001714789f934: ;   {optimized virtual_call}
  0x000001714789f934: 0000 00e8 

  0x000001714789f938: ; ImmutableOopMap {[152]=Oop }
                      ;*invokevirtual toString {reexecute=0 rethrow=0 return_oop=0}
                      ; - java.lang.invoke.DirectMethodHandle::preparedLambdaForm@117 (line 206)
  0x000001714789f938: 44f1 3807 

  0x000001714789f93c: ;   {other}
  0x000001714789f93c: 0f1f 8400 | 2c0f 000a | 4c8b 8424 | 9800 0000 

  0x000001714789f94c: ;   {metadata(method data for {method} {0x000001715f0b0a38} 'preparedLambdaForm' '(Ljava/lang/invoke/MemberName;Z)Ljava/lang/invoke/LambdaForm;' in 'java/lang/invoke/DirectMethodHandle')}
  0x000001714789f94c: 48ba 604a | 37a0 7101 | 0000 4883 | 82e8 0300 | 0001 4c8b | c048 8b94 | 2498 0000 | 0066 0f1f 
  0x000001714789f96c: ;   {optimized virtual_call}
  0x000001714789f96c: 4400 00e8 

  0x000001714789f970: ; ImmutableOopMap {[152]=Oop }
                      ;*invokespecial <init> {reexecute=0 rethrow=0 return_oop=0}
                      ; - java.lang.invoke.DirectMethodHandle::preparedLambdaForm@120 (line 206)
  0x000001714789f970: 0cf1 3807 

  0x000001714789f974: ;   {other}
  0x000001714789f974: 0f1f 8400 | 640f 000b | 488b 8424 | 9800 0000 | e9bc 0100 

  0x000001714789f988: ;   {metadata({method} {0x000001715f0b0a38} 'preparedLambdaForm' '(Ljava/lang/invoke/MemberName;Z)Ljava/lang/invoke/LambdaForm;' in 'java/lang/invoke/DirectMethodHandle')}
  0x000001714789f988: 0049 ba30 | 0a0b 5f71 | 0100 004c | 8954 2408 | 48c7 0424 | ffff ffff 

  0x000001714789f9a0: ;   {runtime_call counter_overflow Runtime1 stub}
  0x000001714789f9a0: e8db 8745 

  0x000001714789f9a4: ; ImmutableOopMap {rdx=Oop [112]=Oop }
                      ;*synchronization entry
                      ; - java.lang.invoke.DirectMethodHandle::preparedLambdaForm@-1 (line 192)
  0x000001714789f9a4: 07e9 a1f3 

  0x000001714789f9a8: ;   {runtime_call throw_null_pointer_exception Runtime1 stub}
  0x000001714789f9a8: ffff e8d1 

  0x000001714789f9ac: ; ImmutableOopMap {rdx=Oop [112]=Oop }
                      ;*invokevirtual getInvocationType {reexecute=0 rethrow=0 return_oop=0}
                      ; - java.lang.invoke.DirectMethodHandle::preparedLambdaForm@23 (line 193)
                      ;   {runtime_call throw_null_pointer_exception Runtime1 stub}
  0x000001714789f9ac: 2d45 07e8 

  0x000001714789f9b0: ; ImmutableOopMap {rax=Oop [112]=Oop }
                      ;*invokevirtual basicType {reexecute=0 rethrow=0 return_oop=0}
                      ; - java.lang.invoke.DirectMethodHandle::preparedLambdaForm@26 (line 193)
  0x000001714789f9b0: cc2d 4507 

  0x000001714789f9b4: ;   {metadata({method} {0x000001715f459990} 'basicType' '()Ljava/lang/invoke/MethodType;' in 'java/lang/invoke/MethodType')}
  0x000001714789f9b4: 49ba 8899 | 455f 7101 | 0000 4c89 | 5424 0848 | c704 24ff 

  0x000001714789f9c8: ;   {runtime_call counter_overflow Runtime1 stub}
  0x000001714789f9c8: ffff ffe8 

  0x000001714789f9cc: ; ImmutableOopMap {rax=Oop [112]=Oop }
                      ;*synchronization entry
                      ; - java.lang.invoke.MethodType::basicType@-1 (line 745)
                      ; - java.lang.invoke.DirectMethodHandle::preparedLambdaForm@26 (line 193)
  0x000001714789f9cc: b087 4507 | e9f6 f3ff 

  0x000001714789f9d4: ;   {runtime_call throw_null_pointer_exception Runtime1 stub}
  0x000001714789f9d4: ffe8 a62d 

  0x000001714789f9d8: ; ImmutableOopMap {rdx=Oop [112]=Oop }
                      ;*invokevirtual basicType {reexecute=0 rethrow=0 return_oop=0}
                      ; - java.lang.invoke.MethodType::basicType@4 (line 745)
                      ; - java.lang.invoke.DirectMethodHandle::preparedLambdaForm@26 (line 193)
                      ;   {metadata({method} {0x000001715f438238} 'getReferenceKind' '()B' in 'java/lang/invoke/MemberName')}
  0x000001714789f9d8: 4507 49ba | 3082 435f | 7101 0000 | 4c89 5424 | 0848 c704 | 24ff ffff 

  0x000001714789f9f0: ;   {runtime_call counter_overflow Runtime1 stub}
  0x000001714789f9f0: ffe8 8a87 

  0x000001714789f9f4: ; ImmutableOopMap {rsi=Oop rdx=Oop [112]=Oop [128]=Oop }
                      ;*synchronization entry
                      ; - java.lang.invoke.MemberName::getReferenceKind@-1 (line 247)
                      ; - java.lang.invoke.DirectMethodHandle::preparedLambdaForm@53 (line 200)
  0x000001714789f9f4: 4507 e94f 

  0x000001714789f9f8: ;   {metadata({method} {0x000001715f0b0aa0} 'preparedLambdaForm' '(Ljava/lang/invoke/MethodType;I)Ljava/lang/invoke/LambdaForm;' in 'java/lang/invoke/DirectMethodHandle')}
  0x000001714789f9f8: f4ff ff49 | ba98 0a0b | 5f71 0100 | 004c 8954 | 2408 48c7 | 0424 ffff 

  0x000001714789fa10: ;   {runtime_call counter_overflow Runtime1 stub}
  0x000001714789fa10: ffff e869 

  0x000001714789fa14: ; ImmutableOopMap {rsi=Oop [112]=Oop [128]=Oop }
                      ;*synchronization entry
                      ; - java.lang.invoke.DirectMethodHandle::preparedLambdaForm@-1 (line 229)
                      ; - java.lang.invoke.DirectMethodHandle::preparedLambdaForm@139 (line 210)
  0x000001714789fa14: 8745 07e9 | 2bf6 ffff 

  0x000001714789fa1c: ;   {runtime_call throw_null_pointer_exception Runtime1 stub}
  0x000001714789fa1c: e85f 2d45 

  0x000001714789fa20: ; ImmutableOopMap {rsi=Oop [112]=Oop [128]=Oop }
                      ;*invokevirtual form {reexecute=0 rethrow=0 return_oop=0}
                      ; - java.lang.invoke.DirectMethodHandle::preparedLambdaForm@1 (line 229)
                      ; - java.lang.invoke.DirectMethodHandle::preparedLambdaForm@139 (line 210)
                      ;   {runtime_call throw_null_pointer_exception Runtime1 stub}
  0x000001714789fa20: 07e8 5a2d 

  0x000001714789fa24: ; ImmutableOopMap {rsi=Oop rdx=Oop [112]=Oop [128]=Oop }
                      ;*invokevirtual cachedLambdaForm {reexecute=0 rethrow=0 return_oop=0}
                      ; - java.lang.invoke.DirectMethodHandle::preparedLambdaForm@5 (line 229)
                      ; - java.lang.invoke.DirectMethodHandle::preparedLambdaForm@139 (line 210)
                      ;   {metadata({method} {0x000001715f444110} 'cachedLambdaForm' '(I)Ljava/lang/invoke/LambdaForm;' in 'java/lang/invoke/MethodTypeForm')}
  0x000001714789fa24: 4507 49ba | 0841 445f | 7101 0000 | 4c89 5424 | 0848 c704 | 24ff ffff 

  0x000001714789fa3c: ;   {runtime_call counter_overflow Runtime1 stub}
  0x000001714789fa3c: ffe8 3e87 

  0x000001714789fa40: ; ImmutableOopMap {rsi=Oop rdx=Oop [112]=Oop [128]=Oop }
                      ;*synchronization entry
                      ; - java.lang.invoke.MethodTypeForm::cachedLambdaForm@-1 (line 131)
                      ; - java.lang.invoke.DirectMethodHandle::preparedLambdaForm@5 (line 229)
                      ; - java.lang.invoke.DirectMethodHandle::preparedLambdaForm@139 (line 210)
  0x000001714789fa40: 4507 e95d 

  0x000001714789fa44: ;   {runtime_call throw_null_pointer_exception Runtime1 stub}
  0x000001714789fa44: f6ff ffe8 

  0x000001714789fa48: ; ImmutableOopMap {rsi=Oop rdx=Oop [112]=Oop [128]=Oop }
                      ;*aaload {reexecute=0 rethrow=0 return_oop=0}
                      ; - java.lang.invoke.MethodTypeForm::cachedLambdaForm@5 (line 131)
                      ; - java.lang.invoke.DirectMethodHandle::preparedLambdaForm@5 (line 229)
                      ; - java.lang.invoke.DirectMethodHandle::preparedLambdaForm@139 (line 210)
  0x000001714789fa48: 342d 4507 | 4889 3c24 | 4889 5424 

  0x000001714789fa54: ;   {runtime_call throw_range_check_failed Runtime1 stub}
  0x000001714789fa54: 08e8 a61a 

  0x000001714789fa58: ; ImmutableOopMap {rsi=Oop rdx=Oop [112]=Oop [128]=Oop }
                      ;*aaload {reexecute=0 rethrow=0 return_oop=0}
                      ; - java.lang.invoke.MethodTypeForm::cachedLambdaForm@5 (line 131)
                      ; - java.lang.invoke.DirectMethodHandle::preparedLambdaForm@5 (line 229)
                      ; - java.lang.invoke.DirectMethodHandle::preparedLambdaForm@139 (line 210)
                      ;   {runtime_call throw_null_pointer_exception Runtime1 stub}
  0x000001714789fa58: 4507 e821 

  0x000001714789fa5c: ; ImmutableOopMap {rdx=Oop [112]=Oop [128]=Oop }
                      ;*invokevirtual get {reexecute=0 rethrow=0 return_oop=0}
                      ; - java.lang.invoke.MethodTypeForm::cachedLambdaForm@12 (line 132)
                      ; - java.lang.invoke.DirectMethodHandle::preparedLambdaForm@5 (line 229)
                      ; - java.lang.invoke.DirectMethodHandle::preparedLambdaForm@139 (line 210)
  0x000001714789fa5c: 2d45 0748 

  0x000001714789fa60: ;   {runtime_call throw_class_cast_exception Runtime1 stub}
  0x000001714789fa60: 8904 24e8 

  0x000001714789fa64: ; ImmutableOopMap {[112]=Oop [128]=Oop }
                      ;*checkcast {reexecute=0 rethrow=0 return_oop=0}
                      ; - java.lang.invoke.MethodTypeForm::cachedLambdaForm@15 (line 132)
                      ; - java.lang.invoke.DirectMethodHandle::preparedLambdaForm@5 (line 229)
                      ; - java.lang.invoke.DirectMethodHandle::preparedLambdaForm@139 (line 210)
  0x000001714789fa64: 9855 4507 

  0x000001714789fa68: ;   {runtime_call throw_null_pointer_exception Runtime1 stub}
  0x000001714789fa68: e813 2d45 

  0x000001714789fa6c: ; ImmutableOopMap {rax=Oop rsi=Oop rdx=Oop [112]=Oop [128]=Oop }
                      ;*invokevirtual setCachedLambdaForm {reexecute=0 rethrow=0 return_oop=0}
                      ; - java.lang.invoke.DirectMethodHandle::preparedLambdaForm@27 (line 232)
                      ; - java.lang.invoke.DirectMethodHandle::preparedLambdaForm@139 (line 210)
                      ;   {metadata({method} {0x000001715f0b0aa0} 'preparedLambdaForm' '(Ljava/lang/invoke/MethodType;I)Ljava/lang/invoke/LambdaForm;' in 'java/lang/invoke/DirectMethodHandle')}
  0x000001714789fa6c: 0749 ba98 | 0a0b 5f71 | 0100 004c | 8954 2408 | 48c7 0424 | ffff ffff 

  0x000001714789fa84: ;   {runtime_call counter_overflow Runtime1 stub}
  0x000001714789fa84: e8f7 8645 

  0x000001714789fa88: ; ImmutableOopMap {rsi=Oop [112]=Oop [128]=Oop }
                      ;*synchronization entry
                      ; - java.lang.invoke.DirectMethodHandle::preparedLambdaForm@-1 (line 229)
                      ; - java.lang.invoke.DirectMethodHandle::preparedLambdaForm@159 (line 216)
  0x000001714789fa88: 07e9 87f9 

  0x000001714789fa8c: ;   {runtime_call throw_null_pointer_exception Runtime1 stub}
  0x000001714789fa8c: ffff e8ed 

  0x000001714789fa90: ; ImmutableOopMap {rsi=Oop [112]=Oop [128]=Oop }
                      ;*invokevirtual form {reexecute=0 rethrow=0 return_oop=0}
                      ; - java.lang.invoke.DirectMethodHandle::preparedLambdaForm@1 (line 229)
                      ; - java.lang.invoke.DirectMethodHandle::preparedLambdaForm@159 (line 216)
                      ;   {runtime_call throw_null_pointer_exception Runtime1 stub}
  0x000001714789fa90: 2c45 07e8 

  0x000001714789fa94: ; ImmutableOopMap {rsi=Oop rdx=Oop [112]=Oop [128]=Oop }
                      ;*invokevirtual cachedLambdaForm {reexecute=0 rethrow=0 return_oop=0}
                      ; - java.lang.invoke.DirectMethodHandle::preparedLambdaForm@5 (line 229)
                      ; - java.lang.invoke.DirectMethodHandle::preparedLambdaForm@159 (line 216)
  0x000001714789fa94: e82c 4507 

  0x000001714789fa98: ;   {metadata({method} {0x000001715f444110} 'cachedLambdaForm' '(I)Ljava/lang/invoke/LambdaForm;' in 'java/lang/invoke/MethodTypeForm')}
  0x000001714789fa98: 49ba 0841 | 445f 7101 | 0000 4c89 | 5424 0848 | c704 24ff 

  0x000001714789faac: ;   {runtime_call counter_overflow Runtime1 stub}
  0x000001714789faac: ffff ffe8 

  0x000001714789fab0: ; ImmutableOopMap {rsi=Oop rdx=Oop [112]=Oop [128]=Oop }
                      ;*synchronization entry
                      ; - java.lang.invoke.MethodTypeForm::cachedLambdaForm@-1 (line 131)
                      ; - java.lang.invoke.DirectMethodHandle::preparedLambdaForm@5 (line 229)
                      ; - java.lang.invoke.DirectMethodHandle::preparedLambdaForm@159 (line 216)
  0x000001714789fab0: cc86 4507 | e9b9 f9ff 

  0x000001714789fab8: ;   {runtime_call throw_null_pointer_exception Runtime1 stub}
  0x000001714789fab8: ffe8 c22c 

  0x000001714789fabc: ; ImmutableOopMap {rsi=Oop rdx=Oop [112]=Oop [128]=Oop }
                      ;*aaload {reexecute=0 rethrow=0 return_oop=0}
                      ; - java.lang.invoke.MethodTypeForm::cachedLambdaForm@5 (line 131)
                      ; - java.lang.invoke.DirectMethodHandle::preparedLambdaForm@5 (line 229)
                      ; - java.lang.invoke.DirectMethodHandle::preparedLambdaForm@159 (line 216)
  0x000001714789fabc: 4507 4889 | 3c24 4889 

  0x000001714789fac4: ;   {runtime_call throw_range_check_failed Runtime1 stub}
  0x000001714789fac4: 5424 08e8 

  0x000001714789fac8: ; ImmutableOopMap {rsi=Oop rdx=Oop [112]=Oop [128]=Oop }
                      ;*aaload {reexecute=0 rethrow=0 return_oop=0}
                      ; - java.lang.invoke.MethodTypeForm::cachedLambdaForm@5 (line 131)
                      ; - java.lang.invoke.DirectMethodHandle::preparedLambdaForm@5 (line 229)
                      ; - java.lang.invoke.DirectMethodHandle::preparedLambdaForm@159 (line 216)
  0x000001714789fac8: 341a 4507 

  0x000001714789facc: ;   {runtime_call throw_null_pointer_exception Runtime1 stub}
  0x000001714789facc: e8af 2c45 

  0x000001714789fad0: ; ImmutableOopMap {rdx=Oop [112]=Oop [128]=Oop }
                      ;*invokevirtual get {reexecute=0 rethrow=0 return_oop=0}
                      ; - java.lang.invoke.MethodTypeForm::cachedLambdaForm@12 (line 132)
                      ; - java.lang.invoke.DirectMethodHandle::preparedLambdaForm@5 (line 229)
                      ; - java.lang.invoke.DirectMethodHandle::preparedLambdaForm@159 (line 216)
  0x000001714789fad0: 0748 8904 

  0x000001714789fad4: ;   {runtime_call throw_class_cast_exception Runtime1 stub}
  0x000001714789fad4: 24e8 2655 

  0x000001714789fad8: ; ImmutableOopMap {[112]=Oop [128]=Oop }
                      ;*checkcast {reexecute=0 rethrow=0 return_oop=0}
                      ; - java.lang.invoke.MethodTypeForm::cachedLambdaForm@15 (line 132)
                      ; - java.lang.invoke.DirectMethodHandle::preparedLambdaForm@5 (line 229)
                      ; - java.lang.invoke.DirectMethodHandle::preparedLambdaForm@159 (line 216)
                      ;   {runtime_call throw_null_pointer_exception Runtime1 stub}
  0x000001714789fad8: 4507 e8a1 

  0x000001714789fadc: ; ImmutableOopMap {rax=Oop rdx=Oop [112]=Oop }
                      ;*invokevirtual setCachedLambdaForm {reexecute=0 rethrow=0 return_oop=0}
                      ; - java.lang.invoke.DirectMethodHandle::preparedLambdaForm@27 (line 232)
                      ; - java.lang.invoke.DirectMethodHandle::preparedLambdaForm@159 (line 216)
                      ;   {metadata({method} {0x000001715f0b0d78} 'maybeCompile' '(Ljava/lang/invoke/LambdaForm;Ljava/lang/invoke/MemberName;)V' in 'java/lang/invoke/DirectMethodHandle')}
  0x000001714789fadc: 2c45 0749 | ba70 0d0b | 5f71 0100 | 004c 8954 | 2408 48c7 | 0424 ffff 

  0x000001714789faf4: ;   {runtime_call counter_overflow Runtime1 stub}
  0x000001714789faf4: ffff e885 

  0x000001714789faf8: ; ImmutableOopMap {rdx=Oop [112]=Oop }
                      ;*synchronization entry
                      ; - java.lang.invoke.DirectMethodHandle::maybeCompile@-1 (line 318)
                      ; - java.lang.invoke.DirectMethodHandle::preparedLambdaForm@167 (line 217)
  0x000001714789faf8: 8645 07e9 | 82fc ffff 

  0x000001714789fb00: ;   {runtime_call throw_null_pointer_exception Runtime1 stub}
  0x000001714789fb00: e87b 2c45 

  0x000001714789fb04: ; ImmutableOopMap {rdx=Oop [112]=Oop }
                      ;*getfield vmentry {reexecute=1 rethrow=0 return_oop=0}
                      ; - (reexecute) java.lang.invoke.DirectMethodHandle::maybeCompile@1 (line 318)
                      ; - java.lang.invoke.DirectMethodHandle::preparedLambdaForm@167 (line 217)
                      ;   {internal_word}
  0x000001714789fb04: 0749 baa7 | f889 4771 | 0100 004d | 8997 6804 

  0x000001714789fb14: ;   {runtime_call SafepointBlob}
  0x000001714789fb14: 0000 e9e5 | 5b39 0748 

  0x000001714789fb1c: ;   {runtime_call fast_new_instance Runtime1 stub}
  0x000001714789fb1c: 8bd2 e85d 

  0x000001714789fb20: ; ImmutableOopMap {rbx=Oop [112]=Oop }
                      ;*new {reexecute=0 rethrow=0 return_oop=0}
                      ; - java.lang.invoke.DirectMethodHandle::preparedLambdaForm@112 (line 206)
  0x000001714789fb20: 3545 07e9 | e8fd ffff | 498b 8700 | 0500 0049 | c787 0005 | 0000 0000 | 0000 49c7 | 8708 0500 
  0x000001714789fb40: 0000 0000 | 0048 81c4 | b000 0000 

  0x000001714789fb4c: ;   {runtime_call unwind_exception Runtime1 stub}
  0x000001714789fb4c: 5de9 ae0e | 4507 f4f4 | f4f4 f4f4 
[Stub Code]
  0x000001714789fb58: ;   {no_reloc}
  0x000001714789fb58: 0f1f 4400 

  0x000001714789fb5c: ;   {static_stub}
  0x000001714789fb5c: 0048 bb00 | 0000 0000 

  0x000001714789fb64: ;   {runtime_call nmethod}
  0x000001714789fb64: 0000 00e9 | fbff ffff 

  0x000001714789fb6c: ;   {static_stub}
  0x000001714789fb6c: 9048 bb00 | 0000 0000 

  0x000001714789fb74: ;   {runtime_call nmethod}
  0x000001714789fb74: 0000 00e9 | fbff ffff 

  0x000001714789fb7c: ;   {static_stub}
  0x000001714789fb7c: 9048 bb00 | 0000 0000 

  0x000001714789fb84: ;   {runtime_call nmethod}
  0x000001714789fb84: 0000 00e9 | fbff ffff 

  0x000001714789fb8c: ;   {static_stub}
  0x000001714789fb8c: 48bb d80d | 0b5f 7101 

  0x000001714789fb94: ;   {runtime_call I2C/C2I adapters}
  0x000001714789fb94: 0000 e9cc 

  0x000001714789fb98: ;   {static_stub}
  0x000001714789fb98: 4139 0748 | bba0 4044 | 5f71 0100 

  0x000001714789fba4: ;   {runtime_call I2C/C2I adapters}
  0x000001714789fba4: 00e9 c1e6 

  0x000001714789fba8: ;   {static_stub}
  0x000001714789fba8: 3607 48bb | 0000 0000 | 0000 0000 

  0x000001714789fbb4: ;   {runtime_call nmethod}
  0x000001714789fbb4: e9fb ffff 

  0x000001714789fbb8: ;   {static_stub}
  0x000001714789fbb8: ff48 bb00 | 0000 0000 

  0x000001714789fbc0: ;   {runtime_call nmethod}
  0x000001714789fbc0: 0000 00e9 | fbff ffff 

  0x000001714789fbc8: ;   {static_stub}
  0x000001714789fbc8: 48bb 0000 | 0000 0000 

  0x000001714789fbd0: ;   {runtime_call nmethod}
  0x000001714789fbd0: 0000 e9fb 

  0x000001714789fbd4: ;   {static_stub}
  0x000001714789fbd4: ffff ff48 | bb00 0000 | 0000 0000 

  0x000001714789fbe0: ;   {runtime_call nmethod}
  0x000001714789fbe0: 00e9 fbff 

  0x000001714789fbe4: ;   {static_stub}
  0x000001714789fbe4: ffff 48bb | 080d 0b5f | 7101 0000 

  0x000001714789fbf0: ;   {runtime_call I2C/C2I adapters}
  0x000001714789fbf0: e96e 3839 

  0x000001714789fbf4: ;   {runtime_call handle_exception_from_callee Runtime1 stub}
  0x000001714789fbf4: 07e8 064e 

  0x000001714789fbf8: ;   {external_word}
  0x000001714789fbf8: 4507 48b9 | 7069 8c9c | f97f 0000 | 4883 e4f0 

  0x000001714789fc08: ;   {runtime_call}
  0x000001714789fc08: 48b8 901d | 4d9c f97f | 0000 ffd0 

  0x000001714789fc14: ;   {section_word}
  0x000001714789fc14: f449 ba15 | fc89 4771 | 0100 0041 

  0x000001714789fc20: ;   {runtime_call DeoptimizationBlob}
  0x000001714789fc20: 52e9 7a4d | 3907 f4f4 
[/MachCode]


Compiled method (c1) 1030 1532       3       java.lang.invoke.DirectMethodHandle::make (275 bytes)
 total in heap  [0x000001714793c210,0x000001714793e008] = 7672
 relocation     [0x000001714793c370,0x000001714793c5a8] = 568
 main code      [0x000001714793c5c0,0x000001714793d7a0] = 4576
 stub code      [0x000001714793d7a0,0x000001714793d8d8] = 312
 metadata       [0x000001714793d8d8,0x000001714793d910] = 56
 scopes data    [0x000001714793d910,0x000001714793dcd0] = 960
 scopes pcs     [0x000001714793dcd0,0x000001714793dfd0] = 768
 dependencies   [0x000001714793dfd0,0x000001714793dfd8] = 8
 nul chk table  [0x000001714793dfd8,0x000001714793e008] = 48

[Constant Pool (empty)]

[MachCode]
[Verified Entry Point]
  # {method} {0x000001715f0b0898} 'make' '(BLjava/lang/Class;Ljava/lang/invoke/MemberName;Ljava/lang/Class;)Ljava/lang/invoke/DirectMethodHandle;' in 'java/lang/invoke/DirectMethodHandle'
  # parm0:    rdx       = byte
  # parm1:    r8:r8     = 'java/lang/Class'
  # parm2:    r9:r9     = 'java/lang/invoke/MemberName'
  # parm3:    rdi:rdi   = 'java/lang/Class'
  #           [sp+0x120]  (sp of caller)
  0x000001714793c5c0: 8984 2400 | 80ff ff55 | 4881 ec10 | 0100 0090 | 4181 7f20 | 0100 0000 

  0x000001714793c5d8: ;   {runtime_call StubRoutines (final stubs)}
  0x000001714793c5d8: 7405 e881 | 872d 074c | 8984 2488 | 0000 004c | 898c 2480 | 0000 0048 | 89bc 2498 

  0x000001714793c5f4: ;   {metadata(method data for {method} {0x000001715f0b0898} 'make' '(BLjava/lang/Class;Ljava/lang/invoke/MemberName;Ljava/lang/Class;)Ljava/lang/invoke/DirectMethodHandle;' in 'java/lang/invoke/DirectMethodHandle')}
  0x000001714793c5f4: 0000 0048 | be88 0976 | a071 0100 | 008b 9ecc | 0000 0083 | c302 899e | cc00 0000 | 81e3 fe07 
  0x000001714793c614: 0000 85db | 0f84 ab0e | 0000 8994 | 2490 0000 | 0049 3b01 

  0x000001714793c628: ;   {metadata(method data for {method} {0x000001715f0b0898} 'make' '(BLjava/lang/Class;Ljava/lang/invoke/MemberName;Ljava/lang/Class;)Ljava/lang/invoke/DirectMethodHandle;' in 'java/lang/invoke/DirectMethodHandle')}
  0x000001714793c628: 498b f148 | bb88 0976 | a071 0100 | 0048 8383 | 1001 0000 | 0149 8bd1 | 0f1f 8000 

  0x000001714793c644: ;   {optimized virtual_call}
  0x000001714793c644: 0000 00e8 

  0x000001714793c648: ; ImmutableOopMap {[128]=Oop [136]=Oop [152]=Oop }
                      ;*invokevirtual getMethodOrFieldType {reexecute=0 rethrow=0 return_oop=0}
                      ; - java.lang.invoke.DirectMethodHandle::make@1 (line 78)
  0x000001714793c648: b4b6 e3ff 

  0x000001714793c64c: ;   {other}
  0x000001714793c64c: 0f1f 8400 | 3c04 0000 | 4c8b 8c24 | 8000 0000 

  0x000001714793c65c: ;   {metadata(method data for {method} {0x000001715f0b0898} 'make' '(BLjava/lang/Class;Ljava/lang/invoke/MemberName;Ljava/lang/Class;)Ljava/lang/invoke/DirectMethodHandle;' in 'java/lang/invoke/DirectMethodHandle')}
  0x000001714793c65c: 49b8 8809 | 76a0 7101 | 0000 4983 | 8048 0100 

  0x000001714793c66c: ;   {metadata(method data for {method} {0x000001715f438648} 'isStatic' '()Z' in 'java/lang/invoke/MemberName')}
  0x000001714793c66c: 0001 49b8 | 48e2 11a0 | 7101 0000 | 418b 90cc | 0000 0083 | c202 4189 | 90cc 0000 | 0081 e2fe 
  0x000001714793c68c: ff1f 0085 | d20f 8458 | 0e00 004c | 8b8c 2480 | 0000 0045 

  0x000001714793c6a0: ;   {metadata(method data for {method} {0x000001715f438648} 'isStatic' '()Z' in 'java/lang/invoke/MemberName')}
  0x000001714793c6a0: 8b41 0c48 | ba48 e211 | a071 0100 | 0048 8382 | 1001 0000 

  0x000001714793c6b4: ;   {metadata(method data for {method} {0x000001715f429ca8} 'isStatic' '(I)Z' in 'java/lang/reflect/Modifier')}
  0x000001714793c6b4: 0148 bac8 | 8a11 a071 | 0100 008b | b2cc 0000 | 0083 c602 | 89b2 cc00 | 0000 81e6 | feff 1f00 
  0x000001714793c6d4: 85f6 0f84 | 340e 0000 | 4183 e008 

  0x000001714793c6e0: ;   {metadata(method data for {method} {0x000001715f429ca8} 'isStatic' '(I)Z' in 'java/lang/reflect/Modifier')}
  0x000001714793c6e0: 4585 c049 | b8c8 8a11 | a071 0100 | 0048 c7c2 | 1001 0000 | 7407 48c7 | c220 0100 | 0049 8b34 
  0x000001714793c700: 1048 8d76 | 0149 8934 | 100f 841c 

  0x000001714793c70c: ;   {metadata(method data for {method} {0x000001715f429ca8} 'isStatic' '(I)Z' in 'java/lang/reflect/Modifier')}
  0x000001714793c70c: 0000 0049 | b8c8 8a11 | a071 0100 | 0041 ff80 | 3001 0000 | 41b8 0100 | 0000 e906 | 0000 0041 
  0x000001714793c72c: b800 0000 | 0041 83e0 | 0141 83e0 | 0145 85c0 

  0x000001714793c73c: ;   {metadata(method data for {method} {0x000001715f0b0898} 'make' '(BLjava/lang/Class;Ljava/lang/invoke/MemberName;Ljava/lang/Class;)Ljava/lang/invoke/DirectMethodHandle;' in 'java/lang/invoke/DirectMethodHandle')}
  0x000001714793c73c: 49b8 8809 | 76a0 7101 | 0000 48c7 | c280 0100 | 0075 0748 | c7c2 9001 | 0000 498b | 3410 488d 
  0x000001714793c75c: 7601 4989 | 3410 0f85 | ac03 0000 | 4889 8424 | a000 0000 

  0x000001714793c770: ;   {metadata(method data for {method} {0x000001715f0b0898} 'make' '(BLjava/lang/Class;Ljava/lang/invoke/MemberName;Ljava/lang/Class;)Ljava/lang/invoke/DirectMethodHandle;' in 'java/lang/invoke/DirectMethodHandle')}
  0x000001714793c770: 4d8b c148 | ba88 0976 | a071 0100 | 0048 8382 | a001 0000 | 0141 8b51 | 1848 c1e2 | 0348 3b02 
  0x000001714793c790: ;   {metadata(method data for {method} {0x000001715f0b0898} 'make' '(BLjava/lang/Class;Ljava/lang/invoke/MemberName;Ljava/lang/Class;)Ljava/lang/invoke/DirectMethodHandle;' in 'java/lang/invoke/DirectMethodHandle')}
  0x000001714793c790: 4c8b c248 | be88 0976 | a071 0100 | 0048 8386 | d801 0000 | 014c 8b84 | 2488 0000 

  0x000001714793c7ac: ;   {optimized virtual_call}
  0x000001714793c7ac: 0066 90e8 

  0x000001714793c7b0: ; ImmutableOopMap {[128]=Oop [136]=Oop [152]=Oop [160]=Oop }
                      ;*invokevirtual isAssignableFrom {reexecute=0 rethrow=0 return_oop=0}
                      ; - java.lang.invoke.DirectMethodHandle::make@18 (line 80)
  0x000001714793c7b0: 0cb4 8607 

  0x000001714793c7b4: ;   {other}
  0x000001714793c7b4: 0f1f 8400 | a405 0001 

  0x000001714793c7bc: ;   {metadata(method data for {method} {0x000001715f0b0898} 'make' '(BLjava/lang/Class;Ljava/lang/invoke/MemberName;Ljava/lang/Class;)Ljava/lang/invoke/DirectMethodHandle;' in 'java/lang/invoke/DirectMethodHandle')}
  0x000001714793c7bc: 85c0 48bb | 8809 76a0 | 7101 0000 | 48c7 c210 | 0200 0074 | 0748 c7c2 | 2002 0000 | 488b 3413 
  0x000001714793c7dc: 488d 7601 | 4889 3413 | 4c8b 8c24 | 8000 0000 | 0f84 070c | 0000 498b 

  0x000001714793c7f4: ;   {metadata(method data for {method} {0x000001715f0b0898} 'make' '(BLjava/lang/Class;Ljava/lang/invoke/MemberName;Ljava/lang/Class;)Ljava/lang/invoke/DirectMethodHandle;' in 'java/lang/invoke/DirectMethodHandle')}
  0x000001714793c7f4: d948 ba88 | 0976 a071 | 0100 0048 | 8382 3002 

  0x000001714793c804: ;   {metadata(method data for {method} {0x000001715f438718} 'isConstructor' '()Z' in 'java/lang/invoke/MemberName')}
  0x000001714793c804: 0000 0148 | bbc8 b410 | a071 0100 | 008b 93cc | 0000 0083 | c202 8993 | cc00 0000 | 81e2 feff 
  0x000001714793c824: 1f00 85d2 | 0f84 080d | 0000 498b 

  0x000001714793c830: ;   {metadata(method data for {method} {0x000001715f438718} 'isConstructor' '()Z' in 'java/lang/invoke/MemberName')}
  0x000001714793c830: d948 bac8 | b410 a071 | 0100 0048 | 8382 1001 

  0x000001714793c840: ;   {metadata(method data for {method} {0x000001715f437878} 'allFlagsSet' '(I)Z' in 'java/lang/invoke/MemberName')}
  0x000001714793c840: 0000 0148 | bb70 4906 | a071 0100 | 008b 93cc | 0000 0083 | c202 8993 | cc00 0000 | 81e2 feff 
  0x000001714793c860: 1f00 85d2 | 0f84 ed0c | 0000 418b | 590c 81e3 | 0000 0200 | 81fb 0000 

  0x000001714793c878: ;   {metadata(method data for {method} {0x000001715f437878} 'allFlagsSet' '(I)Z' in 'java/lang/invoke/MemberName')}
  0x000001714793c878: 0200 48bb | 7049 06a0 | 7101 0000 | 48c7 c210 | 0100 0075 | 0748 c7c2 | 2001 0000 | 488b 3413 
  0x000001714793c898: 488d 7601 | 4889 3413 | 0f85 1a00 

  0x000001714793c8a4: ;   {metadata(method data for {method} {0x000001715f437878} 'allFlagsSet' '(I)Z' in 'java/lang/invoke/MemberName')}
  0x000001714793c8a4: 0000 48bb | 7049 06a0 | 7101 0000 | ff83 3001 | 0000 bb01 | 0000 00e9 | 0500 0000 | bb00 0000 
  0x000001714793c8c4: 0083 e301 | 83e3 0185 

  0x000001714793c8cc: ;   {metadata(method data for {method} {0x000001715f0b0898} 'make' '(BLjava/lang/Class;Ljava/lang/invoke/MemberName;Ljava/lang/Class;)Ljava/lang/invoke/DirectMethodHandle;' in 'java/lang/invoke/DirectMethodHandle')}
  0x000001714793c8cc: db48 bb88 | 0976 a071 | 0100 0048 | c7c2 7802 | 0000 7507 | 48c7 c268 | 0200 0048 | 8b34 1348 
  0x000001714793c8ec: 8d76 0148 | 8934 130f | 8500 0b00 | 004c 8b9c | 24a0 0000 | 004c 8b84 | 2488 0000 | 00bb 0100 
  0x000001714793c90c: ;   {metadata('java/lang/Class'[])}
  0x000001714793c90c: 0000 48ba | e073 005f | 7101 0000 | 4863 db48 | 8bfb 4881 | fbff ffff | 000f 874d | 0c00 0048 
  0x000001714793c92c: c7c6 1700 | 0000 488d | 349e 4883 | e6f8 498b | 87b8 0100 | 0048 8d34 | 3049 3bb7 | c801 0000 
  0x000001714793c94c: 0f87 260c | 0000 4989 | b7b8 0100 | 0048 2bf0 | 48c7 0001 | 0000 0048 | 8bca 49ba | 0000 005f 
  0x000001714793c96c: 7101 0000 | 492b ca89 | 4808 8958 | 0c48 83ee | 1048 85f6 | 0f84 1100 | 0000 4833 | db48 c1ee 
  0x000001714793c98c: 0348 895c | f008 48ff | ce75 f64d | 85c0 7516 

  0x000001714793c99c: ;   {metadata(method data for {method} {0x000001715f0b0898} 'make' '(BLjava/lang/Class;Ljava/lang/invoke/MemberName;Ljava/lang/Class;)Ljava/lang/invoke/DirectMethodHandle;' in 'java/lang/invoke/DirectMethodHandle')}
  0x000001714793c99c: 48be 8809 | 76a0 7101 | 0000 808e | c902 0000 | 01e9 fa00 | 0000 8b50 | 0849 ba00 | 0000 5f71 
  0x000001714793c9bc: 0100 0049 | 03d2 418b | 7008 49ba | 0000 005f | 7101 0000 | 4903 f248 | 8b92 e000 | 0000 483b 
  0x000001714793c9dc: f20f 8427 | 0000 008b | 7a14 483b | 143e 0f84 | 1a00 0000 | 83ff 200f | 859c 0000 

  0x000001714793c9f8: ;   {runtime_call slow_subtype_check Runtime1 stub}
  0x000001714793c9f8: 0056 52e8 | 008c 3b07 | 5e5a 85d2 | 0f84 8b00 

  0x000001714793ca08: ;   {metadata(method data for {method} {0x000001715f0b0898} 'make' '(BLjava/lang/Class;Ljava/lang/invoke/MemberName;Ljava/lang/Class;)Ljava/lang/invoke/DirectMethodHandle;' in 'java/lang/invoke/DirectMethodHandle')}
  0x000001714793ca08: 0000 48be | 8809 76a0 | 7101 0000 | 418b 5008 | 49ba 0000 | 005f 7101 | 0000 4903 | d248 3b96 
  0x000001714793ca28: e002 0000 | 750d 4883 | 86e8 0200 | 0001 e971 | 0000 0048 | 3b96 f002 | 0000 750d | 4883 86f8 
  0x000001714793ca48: 0200 0001 | e95b 0000 | 0048 83be | e002 0000 | 0075 1748 | 8996 e002 | 0000 48c7 | 86e8 0200 
  0x000001714793ca68: 0001 0000 | 00e9 3a00 | 0000 4883 | bef0 0200 | 0000 7517 | 4889 96f0 | 0200 0048 | c786 f802 
  0x000001714793ca88: 0000 0100 | 0000 e919 | 0000 00eb 

  0x000001714793ca94: ;   {metadata(method data for {method} {0x000001715f0b0898} 'make' '(BLjava/lang/Class;Ljava/lang/invoke/MemberName;Ljava/lang/Class;)Ljava/lang/invoke/DirectMethodHandle;' in 'java/lang/invoke/DirectMethodHandle')}
  0x000001714793ca94: 1748 be88 | 0976 a071 | 0100 0048 | 83ae d002 | 0000 01e9 | db0a 0000 | 488d 5010 | 410f be77 
  0x000001714793cab4: 4085 f60f | 85d3 0a00 | 004d 8bd0 | 49c1 ea03 | 4489 1248 | 8bf2 4933 | f048 c1ee | 1548 83fe 
  0x000001714793cad4: 000f 85d3 | 0a00 0049 | 3b03 498b 

  0x000001714793cae0: ;   {metadata(method data for {method} {0x000001715f0b0898} 'make' '(BLjava/lang/Class;Ljava/lang/invoke/MemberName;Ljava/lang/Class;)Ljava/lang/invoke/DirectMethodHandle;' in 'java/lang/invoke/DirectMethodHandle')}
  0x000001714793cae0: d348 be88 | 0976 a071 | 0100 0048 | 8386 0803 | 0000 0141 | b800 0000 | 004c 8bc8 

  0x000001714793cafc: ;   {optimized virtual_call}
  0x000001714793cafc: 498b d3e8 

  0x000001714793cb00: ; ImmutableOopMap {[128]=Oop [136]=Oop [152]=Oop }
                      ;*invokevirtual insertParameterTypes {reexecute=0 rethrow=0 return_oop=0}
                      ; - java.lang.invoke.DirectMethodHandle::make@54 (line 82)
  0x000001714793cb00: 1c68 eaff 

  0x000001714793cb04: ;   {other}
  0x000001714793cb04: 0f1f 8400 | f408 0002 | 4c8b 8c24 | 8000 0000 

  0x000001714793cb14: ;   {metadata(method data for {method} {0x000001715f0b0898} 'make' '(BLjava/lang/Class;Ljava/lang/invoke/MemberName;Ljava/lang/Class;)Ljava/lang/invoke/DirectMethodHandle;' in 'java/lang/invoke/DirectMethodHandle')}
  0x000001714793cb14: 498b d148 | be88 0976 | a071 0100 | 0048 8386 | 4003 0000 

  0x000001714793cb28: ;   {metadata(method data for {method} {0x000001715f438098} 'isField' '()Z' in 'java/lang/invoke/MemberName')}
  0x000001714793cb28: 0148 ba08 | 1076 a071 | 0100 008b | b2cc 0000 | 0083 c602 | 89b2 cc00 | 0000 81e6 | feff 1f00 
  0x000001714793cb48: 85f6 0f84 | 7b0a 0000 

  0x000001714793cb50: ;   {metadata(method data for {method} {0x000001715f438098} 'isField' '()Z' in 'java/lang/invoke/MemberName')}
  0x000001714793cb50: 498b d148 | be08 1076 | a071 0100 | 0048 8386 | 1001 0000 

  0x000001714793cb64: ;   {metadata(method data for {method} {0x000001715f437878} 'allFlagsSet' '(I)Z' in 'java/lang/invoke/MemberName')}
  0x000001714793cb64: 0148 ba70 | 4906 a071 | 0100 008b | b2cc 0000 | 0083 c602 | 89b2 cc00 | 0000 81e6 | feff 1f00 
  0x000001714793cb84: 85f6 0f84 | 600a 0000 | 418b 510c | 81e2 0000 | 0400 81fa | 0000 0400 

  0x000001714793cb9c: ;   {metadata(method data for {method} {0x000001715f437878} 'allFlagsSet' '(I)Z' in 'java/lang/invoke/MemberName')}
  0x000001714793cb9c: 48ba 7049 | 06a0 7101 | 0000 48c7 | c610 0100 | 0075 0748 | c7c6 2001 | 0000 488b | 3c32 488d 
  0x000001714793cbbc: 7f01 4889 | 3c32 0f85 | 1a00 0000 

  0x000001714793cbc8: ;   {metadata(method data for {method} {0x000001715f437878} 'allFlagsSet' '(I)Z' in 'java/lang/invoke/MemberName')}
  0x000001714793cbc8: 48ba 7049 | 06a0 7101 | 0000 ff82 | 3001 0000 | ba01 0000 | 00e9 0500 | 0000 ba00 | 0000 0083 
  0x000001714793cbe8: e201 83e2 

  0x000001714793cbec: ;   {metadata(method data for {method} {0x000001715f0b0898} 'make' '(BLjava/lang/Class;Ljava/lang/invoke/MemberName;Ljava/lang/Class;)Ljava/lang/invoke/DirectMethodHandle;' in 'java/lang/invoke/DirectMethodHandle')}
  0x000001714793cbec: 0185 d248 | ba88 0976 | a071 0100 | 0048 c7c6 | 7803 0000 | 7507 48c7 | c688 0300 | 0048 8b3c 
  0x000001714793cc0c: 3248 8d7f | 0148 893c | 320f 85cd | 0000 008b | 9424 9000 

  0x000001714793cc20: ;   {metadata(method data for {method} {0x000001715f0b0898} 'make' '(BLjava/lang/Class;Ljava/lang/invoke/MemberName;Ljava/lang/Class;)Ljava/lang/invoke/DirectMethodHandle;' in 'java/lang/invoke/DirectMethodHandle')}
  0x000001714793cc20: 0000 48be | 8809 76a0 | 7101 0000 | 48c7 c7a0 | 0300 0083 | fa07 488b | df48 c7c7 | b003 0000 
  0x000001714793cc40: 480f 45fb | 83fa 0948 | 8bdf 48c7 | c7c0 0300 | 0048 0f45 | fb48 8b1c | 3e49 c7c2 | 0100 0000 
  0x000001714793cc60: 4903 da48 | 891c 3e83 | fa07 0f84 | 0e00 0000 | 83fa 090f | 84d1 0500 | 00e9 8404 | 0000 4889 
  0x000001714793cc80: 8424 a800 | 0000 498b 

  0x000001714793cc88: ;   {metadata(method data for {method} {0x000001715f0b0898} 'make' '(BLjava/lang/Class;Ljava/lang/invoke/MemberName;Ljava/lang/Class;)Ljava/lang/invoke/DirectMethodHandle;' in 'java/lang/invoke/DirectMethodHandle')}
  0x000001714793cc88: d148 be88 | 0976 a071 | 0100 0048 | 8386 d803 | 0000 0149 

  0x000001714793cc9c: ;   {optimized virtual_call}
  0x000001714793cc9c: 8bd1 90e8 

  0x000001714793cca0: ; ImmutableOopMap {[152]=Oop [168]=Oop }
                      ;*invokevirtual asSpecial {reexecute=0 rethrow=0 return_oop=0}
                      ; - java.lang.invoke.DirectMethodHandle::make@93 (line 89)
  0x000001714793cca0: dc1d 2f07 

  0x000001714793cca4: ;   {other}
  0x000001714793cca4: 0f1f 8400 | 940a 0003 | 488b bc24 | 9800 0000 

  0x000001714793ccb4: ;   {metadata(method data for {method} {0x000001715f0b0898} 'make' '(BLjava/lang/Class;Ljava/lang/invoke/MemberName;Ljava/lang/Class;)Ljava/lang/invoke/DirectMethodHandle;' in 'java/lang/invoke/DirectMethodHandle')}
  0x000001714793ccb4: 4885 ff48 | ba88 0976 | a071 0100 | 0048 c7c6 | 1004 0000 | 7507 48c7 | c620 0400 | 0048 8b1c 
  0x000001714793ccd4: 3248 8d5b | 0148 891c | 320f 852f | 0300 00e9 | 7206 0000 | 4889 8424 | a800 0000 

  0x000001714793ccf0: ;   {metadata(method data for {method} {0x000001715f0b0898} 'make' '(BLjava/lang/Class;Ljava/lang/invoke/MemberName;Ljava/lang/Class;)Ljava/lang/invoke/DirectMethodHandle;' in 'java/lang/invoke/DirectMethodHandle')}
  0x000001714793ccf0: 48ba 8809 | 76a0 7101 | 0000 4883 | 8220 0500 | 0001 498b 

  0x000001714793cd04: ;   {static_call}
  0x000001714793cd04: d166 90e8 

  0x000001714793cd08: ; ImmutableOopMap {[128]=Oop [168]=Oop }
                      ;*invokestatic preparedFieldLambdaForm {reexecute=0 rethrow=0 return_oop=0}
                      ; - java.lang.invoke.DirectMethodHandle::make@186 (line 111)
  0x000001714793cd08: 4e0b 0000 

  0x000001714793cd0c: ;   {other}
  0x000001714793cd0c: 0f1f 8400 | fc0a 0004 | 4c8b 8c24 | 8000 0000 

  0x000001714793cd1c: ;   {metadata(method data for {method} {0x000001715f0b0898} 'make' '(BLjava/lang/Class;Ljava/lang/invoke/MemberName;Ljava/lang/Class;)Ljava/lang/invoke/DirectMethodHandle;' in 'java/lang/invoke/DirectMethodHandle')}
  0x000001714793cd1c: 48ba 8809 | 76a0 7101 | 0000 4883 | 8230 0500 

  0x000001714793cd2c: ;   {metadata(method data for {method} {0x000001715f438648} 'isStatic' '()Z' in 'java/lang/invoke/MemberName')}
  0x000001714793cd2c: 0001 48ba | 48e2 11a0 | 7101 0000 | 8bb2 cc00 | 0000 83c6 | 0289 b2cc | 0000 0081 | e6fe ff1f 
  0x000001714793cd4c: 0085 f60f | 84b8 0800 | 004c 8b8c | 2480 0000 | 0041 8b51 

  0x000001714793cd60: ;   {metadata(method data for {method} {0x000001715f438648} 'isStatic' '()Z' in 'java/lang/invoke/MemberName')}
  0x000001714793cd60: 0c48 be48 | e211 a071 | 0100 0048 | 8386 1001 

  0x000001714793cd70: ;   {metadata(method data for {method} {0x000001715f429ca8} 'isStatic' '(I)Z' in 'java/lang/reflect/Modifier')}
  0x000001714793cd70: 0000 0148 | bec8 8a11 | a071 0100 | 008b becc | 0000 0083 | c702 89be | cc00 0000 | 81e7 feff 
  0x000001714793cd90: 1f00 85ff | 0f84 9408 | 0000 83e2 

  0x000001714793cd9c: ;   {metadata(method data for {method} {0x000001715f429ca8} 'isStatic' '(I)Z' in 'java/lang/reflect/Modifier')}
  0x000001714793cd9c: 0885 d248 | bac8 8a11 | a071 0100 | 0048 c7c6 | 1001 0000 | 7407 48c7 | c620 0100 | 0048 8b3c 
  0x000001714793cdbc: 3248 8d7f | 0148 893c | 320f 841a 

  0x000001714793cdc8: ;   {metadata(method data for {method} {0x000001715f429ca8} 'isStatic' '(I)Z' in 'java/lang/reflect/Modifier')}
  0x000001714793cdc8: 0000 0048 | bac8 8a11 | a071 0100 | 00ff 8230 | 0100 00ba | 0100 0000 | e905 0000 | 00ba 0000 
  0x000001714793cde8: 0000 83e2 | 0183 e201 

  0x000001714793cdf0: ;   {metadata(method data for {method} {0x000001715f0b0898} 'make' '(BLjava/lang/Class;Ljava/lang/invoke/MemberName;Ljava/lang/Class;)Ljava/lang/invoke/DirectMethodHandle;' in 'java/lang/invoke/DirectMethodHandle')}
  0x000001714793cdf0: 85d2 48ba | 8809 76a0 | 7101 0000 | 48c7 c668 | 0500 0074 | 0748 c7c6 | 7805 0000 | 488b 3c32 
  0x000001714793ce10: 488d 7f01 | 4889 3c32 | 4889 8424 | b000 0000 | 0f84 e400 

  0x000001714793ce24: ;   {metadata(method data for {method} {0x000001715f0b0898} 'make' '(BLjava/lang/Class;Ljava/lang/invoke/MemberName;Ljava/lang/Class;)Ljava/lang/invoke/DirectMethodHandle;' in 'java/lang/invoke/DirectMethodHandle')}
  0x000001714793ce24: 0000 48ba | 8809 76a0 | 7101 0000 | 4883 8288 | 0500 0001 | 498b d10f 

  0x000001714793ce3c: ;   {static_call}
  0x000001714793ce3c: 1f40 00e8 

  0x000001714793ce40: ; ImmutableOopMap {[128]=Oop [168]=Oop [176]=Oop }
                      ;*invokestatic staticFieldOffset {reexecute=0 rethrow=0 return_oop=0}
                      ; - java.lang.invoke.DirectMethodHandle::make@199 (line 113)
  0x000001714793ce40: 3c22 2f07 

  0x000001714793ce44: ;   {other}
  0x000001714793ce44: 0f1f 8400 | 340c 0005 

  0x000001714793ce4c: ;   {metadata(method data for {method} {0x000001715f0b0898} 'make' '(BLjava/lang/Class;Ljava/lang/invoke/MemberName;Ljava/lang/Class;)Ljava/lang/invoke/DirectMethodHandle;' in 'java/lang/invoke/DirectMethodHandle')}
  0x000001714793ce4c: 48ba 8809 | 76a0 7101 | 0000 4883 | 8298 0500 | 0001 488b | 9424 8000 | 0000 4889 | 8424 b800 
  0x000001714793ce6c: ;   {static_call}
  0x000001714793ce6c: 0000 90e8 

  0x000001714793ce70: ; ImmutableOopMap {[128]=Oop [168]=Oop [176]=Oop }
                      ;*invokestatic staticFieldBase {reexecute=0 rethrow=0 return_oop=0}
                      ; - java.lang.invoke.DirectMethodHandle::make@205 (line 114)
  0x000001714793ce70: 0c22 2f07 

  0x000001714793ce74: ;   {other}
  0x000001714793ce74: 0f1f 8400 | 640c 0006 | 488b c890 

  0x000001714793ce80: ;   {no_reloc}
  0x000001714793ce80: e9d9 0700 | 0000 0000 | 0000 e9d9 | 0700 004c 

  0x000001714793ce90: ;   {metadata(method data for {method} {0x000001715f0b0898} 'make' '(BLjava/lang/Class;Ljava/lang/invoke/MemberName;Ljava/lang/Class;)Ljava/lang/invoke/DirectMethodHandle;' in 'java/lang/invoke/DirectMethodHandle')}
  0x000001714793ce90: 8bc0 49b9 | 8809 76a0 | 7101 0000 | 4983 81a8 | 0500 0001 | 4c8b 8424 | a800 0000 | 4c8b 8c24 
  0x000001714793ceb0: b000 0000 | 488b bc24 | 8000 0000 | be01 0000 | 0048 8b94 | 24b8 0000 | 0048 8914 | 2448 8bd0 
  0x000001714793ced0: 4889 8424 | c000 0000 | 0f1f 8000 

  0x000001714793cedc: ;   {optimized virtual_call}
  0x000001714793cedc: 0000 00e8 

  0x000001714793cee0: ; ImmutableOopMap {[192]=Oop }
                      ;*invokespecial <init> {reexecute=0 rethrow=0 return_oop=0}
                      ; - java.lang.invoke.DirectMethodHandle::make@224 (line 115)
  0x000001714793cee0: 9c1b 2f07 

  0x000001714793cee4: ;   {other}
  0x000001714793cee4: 0f1f 8400 | d40c 0007 | 488b 8424 | c000 0000 | 4881 c410 | 0100 005d 

  0x000001714793cefc: ;   {poll_return}
  0x000001714793cefc: 493b a750 | 0400 000f | 876c 0700 

  0x000001714793cf08: ;   {metadata(method data for {method} {0x000001715f0b0898} 'make' '(BLjava/lang/Class;Ljava/lang/invoke/MemberName;Ljava/lang/Class;)Ljava/lang/invoke/DirectMethodHandle;' in 'java/lang/invoke/DirectMethodHandle')}
  0x000001714793cf08: 00c3 48ba | 8809 76a0 | 7101 0000 | 4883 82b8 | 0500 0001 | 488b 9424 | 8000 0000 

  0x000001714793cf24: ;   {static_call}
  0x000001714793cf24: 6666 90e8 

  0x000001714793cf28: ; ImmutableOopMap {[128]=Oop [168]=Oop [176]=Oop }
                      ;*invokestatic objectFieldOffset {reexecute=0 rethrow=0 return_oop=0}
                      ; - java.lang.invoke.DirectMethodHandle::make@229 (line 117)
  0x000001714793cf28: 5b09 0000 

  0x000001714793cf2c: ;   {other}
  0x000001714793cf2c: 0f1f 8400 | 1c0d 0008 

  0x000001714793cf34: ;   {metadata(method data for {method} {0x000001715f0b0898} 'make' '(BLjava/lang/Class;Ljava/lang/invoke/MemberName;Ljava/lang/Class;)Ljava/lang/invoke/DirectMethodHandle;' in 'java/lang/invoke/DirectMethodHandle')}
  0x000001714793cf34: 4c8b c048 | ba88 0976 | a071 0100 | 00ff 82c8 | 0500 004c | 8b8c 24b0 

  0x000001714793cf4c: ;   {metadata('java/lang/invoke/DirectMethodHandle$Accessor')}
  0x000001714793cf4c: 0000 0048 | ba90 7416 | 5f71 0100 | 0049 8b87 | b801 0000 | 488d 7830 | 493b bfc8 | 0100 000f 
  0x000001714793cf6c: 871a 0700 | 0049 89bf | b801 0000 | 48c7 0001 | 0000 0048 | 8bca 49ba | 0000 005f | 7101 0000 
  0x000001714793cf8c: 492b ca89 | 4808 4833 | c989 480c | 4833 c948 | 8948 1048 | 8948 1848 | 8948 2048 | 8948 2848 
  0x000001714793cfac: ;   {metadata(method data for {method} {0x000001715f0b0898} 'make' '(BLjava/lang/Class;Ljava/lang/invoke/MemberName;Ljava/lang/Class;)Ljava/lang/invoke/DirectMethodHandle;' in 'java/lang/invoke/DirectMethodHandle')}
  0x000001714793cfac: 8bf8 48be | 8809 76a0 | 7101 0000 | 4883 8618 | 0600 0001 | 418b c84c | 8b84 24a8 | 0000 0048 
  0x000001714793cfcc: 8bbc 2480 | 0000 00be | 0100 0000 | 488b d048 | 8984 24c8 | 0000 000f 

  0x000001714793cfe4: ;   {optimized virtual_call}
  0x000001714793cfe4: 1f40 00e8 

  0x000001714793cfe8: ; ImmutableOopMap {[200]=Oop }
                      ;*invokespecial <init> {reexecute=0 rethrow=0 return_oop=0}
                      ; - java.lang.invoke.DirectMethodHandle::make@271 (line 119)
  0x000001714793cfe8: aa08 0000 

  0x000001714793cfec: ;   {other}
  0x000001714793cfec: 0f1f 8400 | dc0d 0009 | 488b 8424 | c800 0000 | 4881 c410 | 0100 005d 

  0x000001714793d004: ;   {poll_return}
  0x000001714793d004: 493b a750 | 0400 000f | 8787 0600 | 00c3 4889 | 8424 d000 | 0000 483b | 0748 8bd7 

  0x000001714793d020: ;   {metadata(method data for {method} {0x000001715f0b0898} 'make' '(BLjava/lang/Class;Ljava/lang/invoke/MemberName;Ljava/lang/Class;)Ljava/lang/invoke/DirectMethodHandle;' in 'java/lang/invoke/DirectMethodHandle')}
  0x000001714793d020: 48be 8809 | 76a0 7101 | 0000 4883 | 8640 0400 | 0001 488b 

  0x000001714793d034: ;   {optimized virtual_call}
  0x000001714793d034: d766 90e8 

  0x000001714793d038: ; ImmutableOopMap {[152]=Oop [168]=Oop [208]=Oop }
                      ;*invokevirtual isInterface {reexecute=0 rethrow=0 return_oop=0}
                      ; - java.lang.invoke.DirectMethodHandle::make@113 (line 95)
  0x000001714793d038: 441a 2f07 

  0x000001714793d03c: ;   {other}
  0x000001714793d03c: 0f1f 8400 | 2c0e 000a 

  0x000001714793d044: ;   {metadata(method data for {method} {0x000001715f0b0898} 'make' '(BLjava/lang/Class;Ljava/lang/invoke/MemberName;Ljava/lang/Class;)Ljava/lang/invoke/DirectMethodHandle;' in 'java/lang/invoke/DirectMethodHandle')}
  0x000001714793d044: 48ba 8809 | 76a0 7101 | 0000 4883 | 8278 0400 | 0001 488b | 9424 d000 | 0000 4c8b | c066 0f1f 
  0x000001714793d064: ;   {static_call}
  0x000001714793d064: 4400 00e8 

  0x000001714793d068: ; ImmutableOopMap {[152]=Oop [168]=Oop [208]=Oop }
                      ;*invokestatic preparedLambdaForm {reexecute=0 rethrow=0 return_oop=0}
                      ; - java.lang.invoke.DirectMethodHandle::make@116 (line 95)
  0x000001714793d068: 1420 2f07 

  0x000001714793d06c: ;   {other}
  0x000001714793d06c: 0f1f 8400 | 5c0e 000b | 4c8b c890 

  0x000001714793d078: ;   {no_reloc}
  0x000001714793d078: e945 0600 | 0000 0000 | 0000 e945 | 0600 004c 

  0x000001714793d088: ;   {metadata(method data for {method} {0x000001715f0b0898} 'make' '(BLjava/lang/Class;Ljava/lang/invoke/MemberName;Ljava/lang/Class;)Ljava/lang/invoke/DirectMethodHandle;' in 'java/lang/invoke/DirectMethodHandle')}
  0x000001714793d088: 8bc0 48bf | 8809 76a0 | 7101 0000 | 4883 8788 | 0400 0001 | 4c8b 8424 | a800 0000 | 488b bc24 
  0x000001714793d0a8: d000 0000 | be01 0000 | 0048 8b8c | 2498 0000 | 0048 8bd0 | 4889 8424 | d800 0000 

  0x000001714793d0c4: ;   {optimized virtual_call}
  0x000001714793d0c4: 6666 90e8 

  0x000001714793d0c8: ; ImmutableOopMap {[216]=Oop }
                      ;*invokespecial <init> {reexecute=0 rethrow=0 return_oop=0}
                      ; - java.lang.invoke.DirectMethodHandle::make@132 (line 96)
  0x000001714793d0c8: b419 2f07 

  0x000001714793d0cc: ;   {other}
  0x000001714793d0cc: 0f1f 8400 | bc0e 000c 

  0x000001714793d0d4: ;   {metadata(method data for {method} {0x000001715f0b0898} 'make' '(BLjava/lang/Class;Ljava/lang/invoke/MemberName;Ljava/lang/Class;)Ljava/lang/invoke/DirectMethodHandle;' in 'java/lang/invoke/DirectMethodHandle')}
  0x000001714793d0d4: 48ba 8809 | 76a0 7101 | 0000 ff82 | 9804 0000 | 488b 8424 | d800 0000 | 4881 c410 | 0100 005d 
  0x000001714793d0f4: ;   {poll_return}
  0x000001714793d0f4: 493b a750 | 0400 000f | 87d8 0500 | 00c3 4889 | 8424 a800 

  0x000001714793d108: ;   {metadata(method data for {method} {0x000001715f0b0898} 'make' '(BLjava/lang/Class;Ljava/lang/invoke/MemberName;Ljava/lang/Class;)Ljava/lang/invoke/DirectMethodHandle;' in 'java/lang/invoke/DirectMethodHandle')}
  0x000001714793d108: 0000 48ba | 8809 76a0 | 7101 0000 | 4883 82e8 | 0400 0001 

  0x000001714793d11c: ;   {metadata(method data for {method} {0x000001715f0b0b08} 'preparedLambdaForm' '(Ljava/lang/invoke/MemberName;)Ljava/lang/invoke/LambdaForm;' in 'java/lang/invoke/DirectMethodHandle')}
  0x000001714793d11c: 48ba b868 | 37a0 7101 | 0000 448b | 82cc 0000 | 0041 83c0 | 0244 8982 | cc00 0000 | 4181 e0fe 
  0x000001714793d13c: ff1f 0045 | 85c0 0f84 | a705 0000 

  0x000001714793d148: ;   {metadata(method data for {method} {0x000001715f0b0b08} 'preparedLambdaForm' '(Ljava/lang/invoke/MemberName;)Ljava/lang/invoke/LambdaForm;' in 'java/lang/invoke/DirectMethodHandle')}
  0x000001714793d148: 48ba b868 | 37a0 7101 | 0000 4883 | 8210 0100 | 0001 488b | 9424 8000 | 0000 41b8 | 0000 0000 
  0x000001714793d168: 0f1f 8000 

  0x000001714793d16c: ;   {static_call}
  0x000001714793d16c: 0000 00e8 

  0x000001714793d170: ; ImmutableOopMap {[128]=Oop [168]=Oop }
                      ;*invokestatic preparedLambdaForm {reexecute=0 rethrow=0 return_oop=0}
                      ; - java.lang.invoke.DirectMethodHandle::preparedLambdaForm@2 (line 225)
                      ; - java.lang.invoke.DirectMethodHandle::make@163 (line 106)
  0x000001714793d170: 8c1b f6ff 

  0x000001714793d174: ;   {other}
  0x000001714793d174: 0f1f 8400 | 640f 000d 

  0x000001714793d17c: ;   {metadata('java/lang/invoke/DirectMethodHandle')}
  0x000001714793d17c: 4c8b c848 | bab8 e20a | 5f71 0100 | 0049 8b87 | b801 0000 | 488d 7828 | 493b bfc8 | 0100 000f 
  0x000001714793d19c: 876f 0500 | 0049 89bf | b801 0000 | 48c7 0001 | 0000 0048 | 8bca 49ba | 0000 005f | 7101 0000 
  0x000001714793d1bc: 492b ca89 | 4808 4833 | c989 480c | 4833 c948 | 8948 1048 | 8948 1848 | 8948 204c 

  0x000001714793d1d8: ;   {metadata(method data for {method} {0x000001715f0b0898} 'make' '(BLjava/lang/Class;Ljava/lang/invoke/MemberName;Ljava/lang/Class;)Ljava/lang/invoke/DirectMethodHandle;' in 'java/lang/invoke/DirectMethodHandle')}
  0x000001714793d1d8: 8bc0 48bf | 8809 76a0 | 7101 0000 | 4883 87f8 | 0400 0001 | 4c8b 8424 | a800 0000 | 488b bc24 
  0x000001714793d1f8: 8000 0000 | be01 0000 | 0048 8bd0 | 4889 8424 | e000 0000 

  0x000001714793d20c: ;   {optimized virtual_call}
  0x000001714793d20c: 6666 90e8 

  0x000001714793d210: ; ImmutableOopMap {[224]=Oop }
                      ;*invokespecial <init> {reexecute=0 rethrow=0 return_oop=0}
                      ; - java.lang.invoke.DirectMethodHandle::make@178 (line 107)
  0x000001714793d210: 6cdc f5ff 

  0x000001714793d214: ;   {other}
  0x000001714793d214: 0f1f 8400 | 0410 000e 

  0x000001714793d21c: ;   {metadata(method data for {method} {0x000001715f0b0898} 'make' '(BLjava/lang/Class;Ljava/lang/invoke/MemberName;Ljava/lang/Class;)Ljava/lang/invoke/DirectMethodHandle;' in 'java/lang/invoke/DirectMethodHandle')}
  0x000001714793d21c: 48ba 8809 | 76a0 7101 | 0000 ff82 | 0805 0000 | 488b 8424 | e000 0000 | 4881 c410 | 0100 005d 
  0x000001714793d23c: ;   {poll_return}
  0x000001714793d23c: 493b a750 | 0400 000f | 87d4 0400 | 00c3 4889 | 8424 a800 

  0x000001714793d250: ;   {metadata(method data for {method} {0x000001715f0b0898} 'make' '(BLjava/lang/Class;Ljava/lang/invoke/MemberName;Ljava/lang/Class;)Ljava/lang/invoke/DirectMethodHandle;' in 'java/lang/invoke/DirectMethodHandle')}
  0x000001714793d250: 0000 48ba | 8809 76a0 | 7101 0000 | 4883 82b0 | 0400 0001 | 488b 9424 | 8000 0000 | 41b8 0100 
  0x000001714793d270: 0000 0f1f 

  0x000001714793d274: ;   {static_call}
  0x000001714793d274: 4400 00e8 

  0x000001714793d278: ; ImmutableOopMap {[128]=Oop [136]=Oop [168]=Oop }
                      ;*invokestatic preparedLambdaForm {reexecute=0 rethrow=0 return_oop=0}
                      ; - java.lang.invoke.DirectMethodHandle::make@140 (line 102)
  0x000001714793d278: 841a f6ff 

  0x000001714793d27c: ;   {other}
  0x000001714793d27c: 0f1f 8400 | 6c10 000f 

  0x000001714793d284: ;   {metadata('java/lang/invoke/DirectMethodHandle$Interface')}
  0x000001714793d284: 4c8b c848 | bae8 6a16 | 5f71 0100 | 0049 8b87 | b801 0000 | 488d 7828 | 493b bfc8 | 0100 000f 
  0x000001714793d2a4: 878a 0400 | 0049 89bf | b801 0000 | 48c7 0001 | 0000 0048 | 8bca 49ba | 0000 005f | 7101 0000 
  0x000001714793d2c4: 492b ca89 | 4808 4833 | c989 480c | 4833 c948 | 8948 1048 | 8948 1848 | 8948 204c 

  0x000001714793d2e0: ;   {metadata(method data for {method} {0x000001715f0b0898} 'make' '(BLjava/lang/Class;Ljava/lang/invoke/MemberName;Ljava/lang/Class;)Ljava/lang/invoke/DirectMethodHandle;' in 'java/lang/invoke/DirectMethodHandle')}
  0x000001714793d2e0: 8bc0 48bf | 8809 76a0 | 7101 0000 | 4883 87c0 | 0400 0001 | 4c8b 8424 | a800 0000 | 488b bc24 
  0x000001714793d300: 8000 0000 | be01 0000 | 0048 8b8c | 2488 0000 | 0048 8bd0 | 4889 8424 | e800 0000 

  0x000001714793d31c: ;   {optimized virtual_call}
  0x000001714793d31c: 6666 90e8 

  0x000001714793d320: ; ImmutableOopMap {[232]=Oop }
                      ;*invokespecial <init> {reexecute=0 rethrow=0 return_oop=0}
                      ; - java.lang.invoke.DirectMethodHandle::make@156 (line 103)
  0x000001714793d320: 1805 0000 

  0x000001714793d324: ;   {other}
  0x000001714793d324: 0f1f 8400 | 1411 0010 

  0x000001714793d32c: ;   {metadata(method data for {method} {0x000001715f0b0898} 'make' '(BLjava/lang/Class;Ljava/lang/invoke/MemberName;Ljava/lang/Class;)Ljava/lang/invoke/DirectMethodHandle;' in 'java/lang/invoke/DirectMethodHandle')}
  0x000001714793d32c: 48b8 8809 | 76a0 7101 | 0000 ff80 | d004 0000 | 488b 8424 | e800 0000 | 4881 c410 | 0100 005d 
  0x000001714793d34c: ;   {poll_return}
  0x000001714793d34c: 493b a750 | 0400 000f | 87e7 0300 

  0x000001714793d358: ;   {metadata('java/lang/InternalError')}
  0x000001714793d358: 00c3 48ba | 6019 015f | 7101 0000 | 498b 87b8 | 0100 0048 | 8d78 2849 | 3bbf c801 | 0000 0f87 
  0x000001714793d378: da03 0000 | 4989 bfb8 | 0100 0048 | c700 0100 | 0000 488b | ca49 ba00 | 0000 5f71 | 0100 0049 
  0x000001714793d398: 2bca 8948 | 0848 33c9 | 8948 0c48 | 33c9 4889 | 4810 4889 | 4818 4889 | 4820 4c8b 

  0x000001714793d3b4: ;   {metadata(method data for {method} {0x000001715f0b0898} 'make' '(BLjava/lang/Class;Ljava/lang/invoke/MemberName;Ljava/lang/Class;)Ljava/lang/invoke/DirectMethodHandle;' in 'java/lang/invoke/DirectMethodHandle')}
  0x000001714793d3b4: c048 ba88 | 0976 a071 | 0100 0048 | 8382 3004 

  0x000001714793d3c4: ;   {oop("callerClass must not be null for REF_invokeSpecial"{0x0000000712ad82d0})}
  0x000001714793d3c4: 0000 0149 | b8d0 82ad | 1207 0000 | 0048 8bd0 | 4889 8424 | f000 0000 

  0x000001714793d3dc: ;   {optimized virtual_call}
  0x000001714793d3dc: 6666 90e8 

  0x000001714793d3e0: ; ImmutableOopMap {[240]=Oop }
                      ;*invokespecial <init> {reexecute=0 rethrow=0 return_oop=0}
                      ; - java.lang.invoke.DirectMethodHandle::make@107 (line 93)
  0x000001714793d3e0: 9c16 2f07 

  0x000001714793d3e4: ;   {other}
  0x000001714793d3e4: 0f1f 8400 | d411 0011 | 488b 8424 | f000 0000 | e994 0300 

  0x000001714793d3f8: ;   {metadata('java/lang/InternalError')}
  0x000001714793d3f8: 0048 ba60 | 1901 5f71 | 0100 0049 | 8b87 b801 | 0000 488d | 7828 493b | bfc8 0100 | 000f 8748 
  0x000001714793d418: 0300 0049 | 89bf b801 | 0000 48c7 | 0001 0000 | 0048 8bca | 49ba 0000 | 005f 7101 | 0000 492b 
  0x000001714793d438: ca89 4808 | 4833 c989 | 480c 4833 | c948 8948 | 1048 8948 | 1848 8948 | 2049 8bd1 

  0x000001714793d454: ;   {metadata(method data for {method} {0x000001715f0b0898} 'make' '(BLjava/lang/Class;Ljava/lang/invoke/MemberName;Ljava/lang/Class;)Ljava/lang/invoke/DirectMethodHandle;' in 'java/lang/invoke/DirectMethodHandle')}
  0x000001714793d454: 48be 8809 | 76a0 7101 | 0000 4883 | 8688 0200 | 0001 498b | d148 8984 | 24f8 0000 | 0066 0f1f 
  0x000001714793d474: ;   {optimized virtual_call}
  0x000001714793d474: 4400 00e8 

  0x000001714793d478: ; ImmutableOopMap {[248]=Oop }
                      ;*invokevirtual toString {reexecute=0 rethrow=0 return_oop=0}
                      ; - java.lang.invoke.DirectMethodHandle::make@36 (line 81)
  0x000001714793d478: 0416 2f07 

  0x000001714793d47c: ;   {other}
  0x000001714793d47c: 0f1f 8400 | 6c12 0012 | 4c8b 8424 | f800 0000 

  0x000001714793d48c: ;   {metadata(method data for {method} {0x000001715f0b0898} 'make' '(BLjava/lang/Class;Ljava/lang/invoke/MemberName;Ljava/lang/Class;)Ljava/lang/invoke/DirectMethodHandle;' in 'java/lang/invoke/DirectMethodHandle')}
  0x000001714793d48c: 48ba 8809 | 76a0 7101 | 0000 4883 | 82c0 0200 | 0001 4c8b | c048 8b94 | 24f8 0000 | 0066 0f1f 
  0x000001714793d4ac: ;   {optimized virtual_call}
  0x000001714793d4ac: 4400 00e8 

  0x000001714793d4b0: ; ImmutableOopMap {[248]=Oop }
                      ;*invokespecial <init> {reexecute=0 rethrow=0 return_oop=0}
                      ; - java.lang.invoke.DirectMethodHandle::make@39 (line 81)
  0x000001714793d4b0: cc15 2f07 

  0x000001714793d4b4: ;   {other}
  0x000001714793d4b4: 0f1f 8400 | a412 0013 | 488b 8424 | f800 0000 | e9c4 0200 

  0x000001714793d4c8: ;   {metadata({method} {0x000001715f0b0898} 'make' '(BLjava/lang/Class;Ljava/lang/invoke/MemberName;Ljava/lang/Class;)Ljava/lang/invoke/DirectMethodHandle;' in 'java/lang/invoke/DirectMethodHandle')}
  0x000001714793d4c8: 0049 ba90 | 080b 5f71 | 0100 004c | 8954 2408 | 48c7 0424 | ffff ffff 

  0x000001714793d4e0: ;   {runtime_call counter_overflow Runtime1 stub}
  0x000001714793d4e0: e89b ac3b 

  0x000001714793d4e4: ; ImmutableOopMap {r8=Oop r9=Oop rdi=Oop [128]=Oop [136]=Oop [152]=Oop }
                      ;*synchronization entry
                      ; - java.lang.invoke.DirectMethodHandle::make@-1 (line 78)
  0x000001714793d4e4: 07e9 34f1 

  0x000001714793d4e8: ;   {runtime_call throw_null_pointer_exception Runtime1 stub}
  0x000001714793d4e8: ffff e891 

  0x000001714793d4ec: ; ImmutableOopMap {r9=Oop [128]=Oop [136]=Oop [152]=Oop }
                      ;*invokevirtual getMethodOrFieldType {reexecute=0 rethrow=0 return_oop=0}
                      ; - java.lang.invoke.DirectMethodHandle::make@1 (line 78)
                      ;   {metadata({method} {0x000001715f438648} 'isStatic' '()Z' in 'java/lang/invoke/MemberName')}
  0x000001714793d4ec: 523b 0749 | ba40 8643 | 5f71 0100 | 004c 8954 | 2408 48c7 | 0424 ffff 

  0x000001714793d504: ;   {runtime_call counter_overflow Runtime1 stub}
  0x000001714793d504: ffff e875 

  0x000001714793d508: ; ImmutableOopMap {rax=Oop [128]=Oop [136]=Oop [152]=Oop }
                      ;*synchronization entry
                      ; - java.lang.invoke.MemberName::isStatic@-1 (line 379)
                      ; - java.lang.invoke.DirectMethodHandle::make@7 (line 79)
  0x000001714793d508: ac3b 07e9 | 87f1 ffff 

  0x000001714793d510: ;   {metadata({method} {0x000001715f429ca8} 'isStatic' '(I)Z' in 'java/lang/reflect/Modifier')}
  0x000001714793d510: 49ba a09c | 425f 7101 | 0000 4c89 | 5424 0848 | c704 24ff 

  0x000001714793d524: ;   {runtime_call counter_overflow Runtime1 stub}
  0x000001714793d524: ffff ffe8 

  0x000001714793d528: ; ImmutableOopMap {rax=Oop r9=Oop [128]=Oop [136]=Oop [152]=Oop }
                      ;*synchronization entry
                      ; - java.lang.reflect.Modifier::isStatic@-1 (line 98)
                      ; - java.lang.invoke.MemberName::isStatic@4 (line 379)
                      ; - java.lang.invoke.DirectMethodHandle::make@7 (line 79)
  0x000001714793d528: 54ac 3b07 | e9ab f1ff 

  0x000001714793d530: ;   {runtime_call throw_null_pointer_exception Runtime1 stub}
  0x000001714793d530: ffe8 4a52 

  0x000001714793d534: ; ImmutableOopMap {r9=Oop rdx=Oop [128]=Oop [136]=Oop [152]=Oop [160]=Oop }
                      ;*invokevirtual isAssignableFrom {reexecute=0 rethrow=0 return_oop=0}
                      ; - java.lang.invoke.DirectMethodHandle::make@18 (line 80)
                      ;   {metadata({method} {0x000001715f438718} 'isConstructor' '()Z' in 'java/lang/invoke/MemberName')}
  0x000001714793d534: 3b07 49ba | 1087 435f | 7101 0000 | 4c89 5424 | 0848 c704 | 24ff ffff 

  0x000001714793d54c: ;   {runtime_call counter_overflow Runtime1 stub}
  0x000001714793d54c: ffe8 2eac 

  0x000001714793d550: ; ImmutableOopMap {r9=Oop [128]=Oop [136]=Oop [152]=Oop [160]=Oop }
                      ;*synchronization entry
                      ; - java.lang.invoke.MemberName::isConstructor@-1 (line 462)
                      ; - java.lang.invoke.DirectMethodHandle::make@25 (line 80)
  0x000001714793d550: 3b07 e9d7 

  0x000001714793d554: ;   {metadata({method} {0x000001715f437878} 'allFlagsSet' '(I)Z' in 'java/lang/invoke/MemberName')}
  0x000001714793d554: f2ff ff49 | ba70 7843 | 5f71 0100 | 004c 8954 | 2408 48c7 | 0424 ffff 

  0x000001714793d56c: ;   {runtime_call counter_overflow Runtime1 stub}
  0x000001714793d56c: ffff e80d 

  0x000001714793d570: ; ImmutableOopMap {r9=Oop [128]=Oop [136]=Oop [152]=Oop [160]=Oop }
                      ;*synchronization entry
                      ; - java.lang.invoke.MemberName::allFlagsSet@-1 (line 337)
                      ; - java.lang.invoke.MemberName::isConstructor@4 (line 462)
                      ; - java.lang.invoke.DirectMethodHandle::make@25 (line 80)
  0x000001714793d570: ac3b 07e9 | f2f2 ffff 

  0x000001714793d578: ;   {runtime_call new_object_array Runtime1 stub}
  0x000001714793d578: e883 683b 

  0x000001714793d57c: ; ImmutableOopMap {r11=Oop r8=Oop [128]=Oop [136]=Oop [152]=Oop }
                      ;*anewarray {reexecute=0 rethrow=0 return_oop=0}
                      ; - java.lang.invoke.DirectMethodHandle::make@47 (line 82)
  0x000001714793d57c: 07e9 15f4 

  0x000001714793d580: ;   {runtime_call throw_null_pointer_exception Runtime1 stub}
  0x000001714793d580: ffff e8f9 

  0x000001714793d584: ; ImmutableOopMap {r11=Oop r8=Oop rax=Oop [128]=Oop [136]=Oop [152]=Oop }
                      ;*aastore {reexecute=1 rethrow=0 return_oop=0}
                      ; - (reexecute) java.lang.invoke.DirectMethodHandle::make@53 (line 82)
  0x000001714793d584: 513b 074c 

  0x000001714793d588: ;   {runtime_call throw_array_store_exception Runtime1 stub}
  0x000001714793d588: 8904 24e8 

  0x000001714793d58c: ; ImmutableOopMap {r11=Oop r8=Oop rax=Oop [128]=Oop [136]=Oop [152]=Oop }
                      ;*aastore {reexecute=1 rethrow=0 return_oop=0}
                      ; - (reexecute) java.lang.invoke.DirectMethodHandle::make@53 (line 82)
  0x000001714793d58c: 7077 3b07 | 8b32 48c1 | e603 4883 | fe00 0f84 | 1df5 ffff | 4889 3424 

  0x000001714793d5a4: ;   {runtime_call g1_pre_barrier_slow}
  0x000001714793d5a4: e857 b73b | 07e9 0ff5 | ffff 4983 | f800 0f84 | 23f5 ffff | 4889 1424 

  0x000001714793d5bc: ;   {runtime_call g1_post_barrier_slow}
  0x000001714793d5bc: e83f ba3b | 07e9 15f5 

  0x000001714793d5c4: ;   {runtime_call throw_null_pointer_exception Runtime1 stub}
  0x000001714793d5c4: ffff e8b5 

  0x000001714793d5c8: ; ImmutableOopMap {r11=Oop r8=Oop rax=Oop [128]=Oop [136]=Oop [152]=Oop }
                      ;*invokevirtual insertParameterTypes {reexecute=0 rethrow=0 return_oop=0}
                      ; - java.lang.invoke.DirectMethodHandle::make@54 (line 82)
                      ;   {metadata({method} {0x000001715f438098} 'isField' '()Z' in 'java/lang/invoke/MemberName')}
  0x000001714793d5c8: 513b 0749 | ba90 8043 | 5f71 0100 | 004c 8954 | 2408 48c7 | 0424 ffff 

  0x000001714793d5e0: ;   {runtime_call counter_overflow Runtime1 stub}
  0x000001714793d5e0: ffff e899 

  0x000001714793d5e4: ; ImmutableOopMap {rax=Oop r9=Oop [128]=Oop [136]=Oop [152]=Oop }
                      ;*synchronization entry
                      ; - java.lang.invoke.MemberName::isField@-1 (line 466)
                      ; - java.lang.invoke.DirectMethodHandle::make@60 (line 84)
  0x000001714793d5e4: ab3b 07e9 | 64f5 ffff 

  0x000001714793d5ec: ;   {metadata({method} {0x000001715f437878} 'allFlagsSet' '(I)Z' in 'java/lang/invoke/MemberName')}
  0x000001714793d5ec: 49ba 7078 | 435f 7101 | 0000 4c89 | 5424 0848 | c704 24ff 

  0x000001714793d600: ;   {runtime_call counter_overflow Runtime1 stub}
  0x000001714793d600: ffff ffe8 

  0x000001714793d604: ; ImmutableOopMap {rax=Oop r9=Oop [128]=Oop [136]=Oop [152]=Oop }
                      ;*synchronization entry
                      ; - java.lang.invoke.MemberName::allFlagsSet@-1 (line 337)
                      ; - java.lang.invoke.MemberName::isField@4 (line 466)
                      ; - java.lang.invoke.DirectMethodHandle::make@60 (line 84)
  0x000001714793d604: 78ab 3b07 | e97f f5ff 

  0x000001714793d60c: ;   {metadata({method} {0x000001715f438648} 'isStatic' '()Z' in 'java/lang/invoke/MemberName')}
  0x000001714793d60c: ff49 ba40 | 8643 5f71 | 0100 004c | 8954 2408 | 48c7 0424 | ffff ffff 

  0x000001714793d624: ;   {runtime_call counter_overflow Runtime1 stub}
  0x000001714793d624: e857 ab3b 

  0x000001714793d628: ; ImmutableOopMap {rax=Oop [128]=Oop [168]=Oop }
                      ;*synchronization entry
                      ; - java.lang.invoke.MemberName::isStatic@-1 (line 379)
                      ; - java.lang.invoke.DirectMethodHandle::make@192 (line 112)
  0x000001714793d628: 07e9 27f7 

  0x000001714793d62c: ;   {metadata({method} {0x000001715f429ca8} 'isStatic' '(I)Z' in 'java/lang/reflect/Modifier')}
  0x000001714793d62c: ffff 49ba | a09c 425f | 7101 0000 | 4c89 5424 | 0848 c704 | 24ff ffff 

  0x000001714793d644: ;   {runtime_call counter_overflow Runtime1 stub}
  0x000001714793d644: ffe8 36ab 

  0x000001714793d648: ; ImmutableOopMap {rax=Oop r9=Oop [128]=Oop [168]=Oop }
                      ;*synchronization entry
                      ; - java.lang.reflect.Modifier::isStatic@-1 (line 98)
                      ; - java.lang.invoke.MemberName::isStatic@4 (line 379)
                      ; - java.lang.invoke.DirectMethodHandle::make@192 (line 112)
  0x000001714793d648: 3b07 e94b 

  0x000001714793d64c: ;   {metadata(nullptr)}
  0x000001714793d64c: f7ff ff48 | ba00 0000 | 0000 0000 | 00b8 000f 

  0x000001714793d65c: ;   {runtime_call load_klass_patching Runtime1 stub}
  0x000001714793d65c: 050a e89d 

  0x000001714793d660: ; ImmutableOopMap {rcx=Oop [128]=Oop [168]=Oop [176]=Oop }
                      ;*new {reexecute=1 rethrow=0 return_oop=0}
                      ; - (reexecute) java.lang.invoke.DirectMethodHandle::make@210 (line 115)
  0x000001714793d660: 9a3b 07e9 | 18f8 ffff 

  0x000001714793d668: ;   {runtime_call new_instance Runtime1 stub}
  0x000001714793d668: 488b d2e8 

  0x000001714793d66c: ; ImmutableOopMap {rcx=Oop [128]=Oop [168]=Oop [176]=Oop }
                      ;*new {reexecute=0 rethrow=0 return_oop=0}
                      ; - java.lang.invoke.DirectMethodHandle::make@210 (line 115)
  0x000001714793d66c: 1057 3b07 | e91a f8ff 

  0x000001714793d674: ;   {internal_word}
  0x000001714793d674: ff49 bafc | ce93 4771 | 0100 004d | 8997 6804 

  0x000001714793d684: ;   {runtime_call SafepointBlob}
  0x000001714793d684: 0000 e975 | 802f 0748 

  0x000001714793d68c: ;   {runtime_call fast_new_instance Runtime1 stub}
  0x000001714793d68c: 8bd2 e8ed 

  0x000001714793d690: ; ImmutableOopMap {r9=Oop [128]=Oop [168]=Oop }
                      ;*new {reexecute=0 rethrow=0 return_oop=0}
                      ; - java.lang.invoke.DirectMethodHandle::make@258 (line 119)
  0x000001714793d690: 593b 07e9 | 13f9 ffff 

  0x000001714793d698: ;   {internal_word}
  0x000001714793d698: 49ba 04d0 | 9347 7101 | 0000 4d89 | 9768 0400 

  0x000001714793d6a8: ;   {runtime_call SafepointBlob}
  0x000001714793d6a8: 00e9 5280 

  0x000001714793d6ac: ;   {runtime_call throw_null_pointer_exception Runtime1 stub}
  0x000001714793d6ac: 2f07 e8cd 

  0x000001714793d6b0: ; ImmutableOopMap {rdi=Oop [152]=Oop [168]=Oop [208]=Oop }
                      ;*invokevirtual isInterface {reexecute=0 rethrow=0 return_oop=0}
                      ; - java.lang.invoke.DirectMethodHandle::make@113 (line 95)
                      ;   {metadata(nullptr)}
  0x000001714793d6b0: 503b 0748 | ba00 0000 | 0000 0000 | 00b8 000f 

  0x000001714793d6c0: ;   {runtime_call load_klass_patching Runtime1 stub}
  0x000001714793d6c0: 050a e839 

  0x000001714793d6c4: ; ImmutableOopMap {r9=Oop [152]=Oop [168]=Oop [208]=Oop }
                      ;*new {reexecute=1 rethrow=0 return_oop=0}
                      ; - (reexecute) java.lang.invoke.DirectMethodHandle::make@121 (line 96)
  0x000001714793d6c4: 9a3b 07e9 | acf9 ffff 

  0x000001714793d6cc: ;   {runtime_call new_instance Runtime1 stub}
  0x000001714793d6cc: 488b d2e8 

  0x000001714793d6d0: ; ImmutableOopMap {r9=Oop [152]=Oop [168]=Oop [208]=Oop }
                      ;*new {reexecute=0 rethrow=0 return_oop=0}
                      ; - java.lang.invoke.DirectMethodHandle::make@121 (line 96)
  0x000001714793d6d0: ac56 3b07 | e9ae f9ff 

  0x000001714793d6d8: ;   {internal_word}
  0x000001714793d6d8: ff49 baf4 | d093 4771 | 0100 004d | 8997 6804 

  0x000001714793d6e8: ;   {runtime_call SafepointBlob}
  0x000001714793d6e8: 0000 e911 

  0x000001714793d6ec: ;   {metadata({method} {0x000001715f0b0b08} 'preparedLambdaForm' '(Ljava/lang/invoke/MemberName;)Ljava/lang/invoke/LambdaForm;' in 'java/lang/invoke/DirectMethodHandle')}
  0x000001714793d6ec: 802f 0749 | ba00 0b0b | 5f71 0100 | 004c 8954 | 2408 48c7 | 0424 ffff 

  0x000001714793d704: ;   {runtime_call counter_overflow Runtime1 stub}
  0x000001714793d704: ffff e875 

  0x000001714793d708: ; ImmutableOopMap {[128]=Oop [168]=Oop }
                      ;*synchronization entry
                      ; - java.lang.invoke.DirectMethodHandle::preparedLambdaForm@-1 (line 225)
                      ; - java.lang.invoke.DirectMethodHandle::make@163 (line 106)
  0x000001714793d708: aa3b 07e9 | 38fa ffff 

  0x000001714793d710: ;   {runtime_call fast_new_instance Runtime1 stub}
  0x000001714793d710: 488b d2e8 

  0x000001714793d714: ; ImmutableOopMap {r9=Oop [128]=Oop [168]=Oop }
                      ;*new {reexecute=0 rethrow=0 return_oop=0}
                      ; - java.lang.invoke.DirectMethodHandle::make@168 (line 107)
  0x000001714793d714: 6859 3b07 | e9ba faff 

  0x000001714793d71c: ;   {internal_word}
  0x000001714793d71c: ff49 ba3c | d293 4771 | 0100 004d | 8997 6804 

  0x000001714793d72c: ;   {runtime_call SafepointBlob}
  0x000001714793d72c: 0000 e9cd | 7f2f 0748 

  0x000001714793d734: ;   {runtime_call fast_new_instance Runtime1 stub}
  0x000001714793d734: 8bd2 e845 

  0x000001714793d738: ; ImmutableOopMap {r9=Oop [128]=Oop [136]=Oop [168]=Oop }
                      ;*new {reexecute=0 rethrow=0 return_oop=0}
                      ; - java.lang.invoke.DirectMethodHandle::make@145 (line 103)
  0x000001714793d738: 593b 07e9 | 9ffb ffff 

  0x000001714793d740: ;   {internal_word}
  0x000001714793d740: 49ba 4cd3 | 9347 7101 | 0000 4d89 | 9768 0400 

  0x000001714793d750: ;   {runtime_call SafepointBlob}
  0x000001714793d750: 00e9 aa7f | 2f07 488b 

  0x000001714793d758: ;   {runtime_call fast_new_instance Runtime1 stub}
  0x000001714793d758: d2e8 2259 

  0x000001714793d75c: ; ImmutableOopMap {}
                      ;*new {reexecute=0 rethrow=0 return_oop=0}
                      ; - java.lang.invoke.DirectMethodHandle::make@101 (line 93)
  0x000001714793d75c: 3b07 e94f | fcff ff48 

  0x000001714793d764: ;   {runtime_call fast_new_instance Runtime1 stub}
  0x000001714793d764: 8bd2 e815 

  0x000001714793d768: ; ImmutableOopMap {r9=Oop [128]=Oop }
                      ;*new {reexecute=0 rethrow=0 return_oop=0}
                      ; - java.lang.invoke.DirectMethodHandle::make@31 (line 81)
  0x000001714793d768: 593b 07e9 | e1fc ffff | 498b 8700 | 0500 0049 | c787 0005 | 0000 0000 | 0000 49c7 | 8708 0500 
  0x000001714793d788: 0000 0000 | 0048 81c4 | 1001 0000 

  0x000001714793d794: ;   {runtime_call unwind_exception Runtime1 stub}
  0x000001714793d794: 5de9 6632 | 3b07 f4f4 | f4f4 f4f4 
[Stub Code]
  0x000001714793d7a0: ;   {no_reloc}
  0x000001714793d7a0: 0f1f 4400 

  0x000001714793d7a4: ;   {static_stub}
  0x000001714793d7a4: 0048 bb00 | 0000 0000 

  0x000001714793d7ac: ;   {runtime_call nmethod}
  0x000001714793d7ac: 0000 00e9 | fbff ffff 

  0x000001714793d7b4: ;   {static_stub}
  0x000001714793d7b4: 9048 bb00 | 0000 0000 

  0x000001714793d7bc: ;   {runtime_call nmethod}
  0x000001714793d7bc: 0000 00e9 | fbff ffff 

  0x000001714793d7c4: ;   {static_stub}
  0x000001714793d7c4: 48bb 0000 | 0000 0000 

  0x000001714793d7cc: ;   {runtime_call nmethod}
  0x000001714793d7cc: 0000 e9fb 

  0x000001714793d7d0: ;   {static_stub}
  0x000001714793d7d0: ffff ff48 | bb00 0000 | 0000 0000 

  0x000001714793d7dc: ;   {runtime_call nmethod}
  0x000001714793d7dc: 00e9 fbff 

  0x000001714793d7e0: ;   {static_stub}
  0x000001714793d7e0: ffff 48bb | 0000 0000 | 0000 0000 

  0x000001714793d7ec: ;   {runtime_call nmethod}
  0x000001714793d7ec: e9fb ffff 

  0x000001714793d7f0: ;   {static_stub}
  0x000001714793d7f0: ff48 bb00 | 0000 0000 

  0x000001714793d7f8: ;   {runtime_call nmethod}
  0x000001714793d7f8: 0000 00e9 | fbff ffff 

  0x000001714793d800: ;   {static_stub}
  0x000001714793d800: 48bb 0000 | 0000 0000 

  0x000001714793d808: ;   {runtime_call nmethod}
  0x000001714793d808: 0000 e9fb 

  0x000001714793d80c: ;   {static_stub}
  0x000001714793d80c: ffff ff48 | bb00 0000 | 0000 0000 

  0x000001714793d818: ;   {runtime_call nmethod}
  0x000001714793d818: 00e9 fbff 

  0x000001714793d81c: ;   {static_stub}
  0x000001714793d81c: ffff 48bb | 0000 0000 | 0000 0000 

  0x000001714793d828: ;   {runtime_call nmethod}
  0x000001714793d828: e9fb ffff 

  0x000001714793d82c: ;   {static_stub}
  0x000001714793d82c: ff48 bb00 | 0000 0000 

  0x000001714793d834: ;   {runtime_call nmethod}
  0x000001714793d834: 0000 00e9 | fbff ffff 

  0x000001714793d83c: ;   {static_stub}
  0x000001714793d83c: 48bb a873 | 165f 7101 

  0x000001714793d844: ;   {runtime_call I2C/C2I adapters}
  0x000001714793d844: 0000 e9ab 

  0x000001714793d848: ;   {static_stub}
  0x000001714793d848: 063c 0748 | bb00 0000 | 0000 0000 

  0x000001714793d854: ;   {runtime_call nmethod}
  0x000001714793d854: 00e9 fbff 

  0x000001714793d858: ;   {static_stub}
  0x000001714793d858: ffff 48bb | 680b 0b5f | 7101 0000 

  0x000001714793d864: ;   {runtime_call I2C/C2I adapters}
  0x000001714793d864: e9fa 5b2f 

  0x000001714793d868: ;   {static_stub}
  0x000001714793d868: 0748 bb00 | 0000 0000 

  0x000001714793d870: ;   {runtime_call nmethod}
  0x000001714793d870: 0000 00e9 | fbff ffff 

  0x000001714793d878: ;   {static_stub}
  0x000001714793d878: 48bb 0000 | 0000 0000 

  0x000001714793d880: ;   {runtime_call nmethod}
  0x000001714793d880: 0000 e9fb 

  0x000001714793d884: ;   {static_stub}
  0x000001714793d884: ffff ff48 | bbb8 450b | 5f71 0100 

  0x000001714793d890: ;   {runtime_call I2C/C2I adapters}
  0x000001714793d890: 00e9 cd5b 

  0x000001714793d894: ;   {static_stub}
  0x000001714793d894: 2f07 48bb | 687c 165f | 7101 0000 

  0x000001714793d8a0: ;   {runtime_call I2C/C2I adapters}
  0x000001714793d8a0: e9d0 f33c 

  0x000001714793d8a4: ;   {runtime_call handle_exception_from_callee Runtime1 stub}
  0x000001714793d8a4: 07e8 5671 

  0x000001714793d8a8: ;   {external_word}
  0x000001714793d8a8: 3b07 48b9 | 7069 8c9c | f97f 0000 | 4883 e4f0 

  0x000001714793d8b8: ;   {runtime_call}
  0x000001714793d8b8: 48b8 901d | 4d9c f97f | 0000 ffd0 

  0x000001714793d8c4: ;   {section_word}
  0x000001714793d8c4: f449 bac5 | d893 4771 | 0100 0041 

  0x000001714793d8d0: ;   {runtime_call DeoptimizationBlob}
  0x000001714793d8d0: 52e9 ca70 | 2f07 f4f4 
[/MachCode]


---------------  P R O C E S S  ---------------

Threads class SMR info:
_java_thread_list=0x000001715e9adff0, length=14, elements={
0x000001713ee92a50, 0x000001715e7a2780, 0x000001715e7a3850, 0x000001715e7a5b60,
0x000001715e7a9710, 0x000001715e7aa830, 0x000001715e7ab290, 0x000001715e7bd0e0,
0x000001715e800240, 0x000001715e8c0270, 0x000001715e93cd20, 0x000001715ea70760,
0x00000171a41f2060, 0x00000171a4150570
}

Java Threads: ( => current thread )
=>0x000001713ee92a50 JavaThread "main"                              [_thread_in_vm, id=25464, stack(0x0000005f7ba00000,0x0000005f7bb00000) (1024K)]
  0x000001715e7a2780 JavaThread "Reference Handler"          daemon [_thread_blocked, id=19020, stack(0x0000005f7c200000,0x0000005f7c300000) (1024K)]
  0x000001715e7a3850 JavaThread "Finalizer"                  daemon [_thread_blocked, id=13648, stack(0x0000005f7c300000,0x0000005f7c400000) (1024K)]
  0x000001715e7a5b60 JavaThread "Signal Dispatcher"          daemon [_thread_blocked, id=10604, stack(0x0000005f7c400000,0x0000005f7c500000) (1024K)]
  0x000001715e7a9710 JavaThread "Attach Listener"            daemon [_thread_blocked, id=20996, stack(0x0000005f7c500000,0x0000005f7c600000) (1024K)]
  0x000001715e7aa830 JavaThread "Service Thread"             daemon [_thread_blocked, id=8044, stack(0x0000005f7c600000,0x0000005f7c700000) (1024K)]
  0x000001715e7ab290 JavaThread "Monitor Deflation Thread"   daemon [_thread_blocked, id=384, stack(0x0000005f7c700000,0x0000005f7c800000) (1024K)]
  0x000001715e7bd0e0 JavaThread "C2 CompilerThread0"         daemon [_thread_blocked, id=10992, stack(0x0000005f7c800000,0x0000005f7c900000) (1024K)]
  0x000001715e800240 JavaThread "C1 CompilerThread0"         daemon [_thread_blocked, id=13408, stack(0x0000005f7c900000,0x0000005f7ca00000) (1024K)]
  0x000001715e8c0270 JavaThread "Common-Cleaner"             daemon [_thread_blocked, id=20940, stack(0x0000005f7ca00000,0x0000005f7cb00000) (1024K)]
  0x000001715e93cd20 JavaThread "C2 CompilerThread1"         daemon [_thread_blocked, id=12708, stack(0x0000005f7cb00000,0x0000005f7cc00000) (1024K)]
  0x000001715ea70760 JavaThread "C2 CompilerThread2"         daemon [_thread_blocked, id=21108, stack(0x0000005f7cc00000,0x0000005f7cd00000) (1024K)]
  0x00000171a41f2060 JavaThread "Monitor Ctrl-Break"         daemon [_thread_in_native, id=11840, stack(0x0000005f7cd00000,0x0000005f7ce00000) (1024K)]
  0x00000171a4150570 JavaThread "Notification Thread"        daemon [_thread_blocked, id=17024, stack(0x0000005f7ce00000,0x0000005f7cf00000) (1024K)]
Total: 14

Other Threads:
  0x000001715e786e70 VMThread "VM Thread"                           [id=23496, stack(0x0000005f7c100000,0x0000005f7c200000) (1024K)]
  0x000001715e7739a0 WatcherThread "VM Periodic Task Thread"        [id=5796, stack(0x0000005f7c000000,0x0000005f7c100000) (1024K)]
  0x000001713eefeec0 WorkerThread "GC Thread#0"                     [id=20196, stack(0x0000005f7bb00000,0x0000005f7bc00000) (1024K)]
  0x00000171a44d1ec0 WorkerThread "GC Thread#1"                     [id=4112, stack(0x0000005f7cf00000,0x0000005f7d000000) (1024K)]
  0x00000171a44d2270 WorkerThread "GC Thread#2"                     [id=9276, stack(0x0000005f7d000000,0x0000005f7d100000) (1024K)]
  0x00000171a43aeec0 WorkerThread "GC Thread#3"                     [id=12588, stack(0x0000005f7d100000,0x0000005f7d200000) (1024K)]
  0x00000171a43afa70 WorkerThread "GC Thread#4"                     [id=2296, stack(0x0000005f7d200000,0x0000005f7d300000) (1024K)]
  0x00000171a44e2dd0 WorkerThread "GC Thread#5"                     [id=16464, stack(0x0000005f7d300000,0x0000005f7d400000) (1024K)]
  0x00000171a4b3ef10 WorkerThread "GC Thread#6"                     [id=17300, stack(0x0000005f7d400000,0x0000005f7d500000) (1024K)]
  0x000001713ef0fd70 ConcurrentGCThread "G1 Main Marker"            [id=9864, stack(0x0000005f7bc00000,0x0000005f7bd00000) (1024K)]
  0x000001713ef11020 WorkerThread "G1 Conc#0"                       [id=26456, stack(0x0000005f7bd00000,0x0000005f7be00000) (1024K)]
  0x000001715e645610 ConcurrentGCThread "G1 Refine#0"               [id=11748, stack(0x0000005f7be00000,0x0000005f7bf00000) (1024K)]
  0x000001715e645fa0 ConcurrentGCThread "G1 Service"                [id=2000, stack(0x0000005f7bf00000,0x0000005f7c000000) (1024K)]
Total: 13

Threads with active compile tasks:
Total: 0

VM state: not at safepoint (normal execution)

VM Mutex/Monitor currently owned by a thread:  ([mutex/lock_event])
[0x00007ff99cb7ec38] Metaspace_lock - owner thread: 0x000001713ee92a50

Heap address: 0x0000000702e00000, size: 4050 MB, Compressed Oops mode: Zero based, Oop shift amount: 3

CDS archive(s) mapped at: [0x000001715f000000-0x000001715fce0000-0x000001715fce0000), size 13500416, SharedBaseAddress: 0x000001715f000000, ArchiveRelocationMode: 1.
Compressed class space mapped at: 0x0000017160000000-0x00000171a0000000, reserved size: 1073741824
Narrow klass base: 0x000001715f000000, Narrow klass shift: 0, Narrow klass range: 0x100000000

GC Precious Log:
 CardTable entry size: 512
 Card Set container configuration: InlinePtr #cards 4 size 8 Array Of Cards #cards 16 size 48 Howl #buckets 8 coarsen threshold 3686 Howl Bitmap #cards 512 size 80 coarsen threshold 460 Card regions per heap region 1 cards per card region 4096
 CPUs: 12 total, 12 available
 Memory: 16196M
 Large Page Support: Disabled
 NUMA Support: Disabled
 Compressed Oops: Enabled (Zero based)
 Heap Region Size: 2M
 Heap Min Capacity: 8M
 Heap Initial Capacity: 254M
 Heap Max Capacity: 4050M
 Pre-touch: Disabled
 Parallel Workers: 10
 Concurrent Workers: 3
 Concurrent Refinement Workers: 10
 Periodic GC: Disabled

Heap:
 garbage-first heap   total 260096K, used 17512K [0x0000000702e00000, 0x0000000800000000)
  region size 2048K, 5 young (10240K), 2 survivors (4096K)
 Metaspace       used 9340K, committed 9600K, reserved 1114112K
  class space    used 1079K, committed 1216K, reserved 1048576K

Heap Regions: E=young(eden), S=young(survivor), O=old, HS=humongous(starts), HC=humongous(continues), CS=collection set, F=free, TAMS=top-at-mark-start, PB=parsable bottom
|   0|0x0000000702e00000, 0x0000000703000000, 0x0000000703000000|100%| O|  |TAMS 0x0000000702e00000| PB 0x0000000702e00000| Untracked 
|   1|0x0000000703000000, 0x0000000703200000, 0x0000000703200000|100%| O|  |TAMS 0x0000000703000000| PB 0x0000000703000000| Untracked 
|   2|0x0000000703200000, 0x0000000703400000, 0x0000000703400000|100%| O|  |TAMS 0x0000000703200000| PB 0x0000000703200000| Untracked 
|   3|0x0000000703400000, 0x0000000703600000, 0x0000000703600000|100%| O|  |TAMS 0x0000000703400000| PB 0x0000000703400000| Untracked 
|   4|0x0000000703600000, 0x000000070371a1c8, 0x0000000703800000| 55%| O|  |TAMS 0x0000000703600000| PB 0x0000000703600000| Untracked 
|   5|0x0000000703800000, 0x0000000703800000, 0x0000000703a00000|  0%| F|  |TAMS 0x0000000703800000| PB 0x0000000703800000| Untracked 
|   6|0x0000000703a00000, 0x0000000703a00000, 0x0000000703c00000|  0%| F|  |TAMS 0x0000000703a00000| PB 0x0000000703a00000| Untracked 
|   7|0x0000000703c00000, 0x0000000703c00000, 0x0000000703e00000|  0%| F|  |TAMS 0x0000000703c00000| PB 0x0000000703c00000| Untracked 
|   8|0x0000000703e00000, 0x0000000703e00000, 0x0000000704000000|  0%| F|  |TAMS 0x0000000703e00000| PB 0x0000000703e00000| Untracked 
|   9|0x0000000704000000, 0x0000000704000000, 0x0000000704200000|  0%| F|  |TAMS 0x0000000704000000| PB 0x0000000704000000| Untracked 
|  10|0x0000000704200000, 0x0000000704200000, 0x0000000704400000|  0%| F|  |TAMS 0x0000000704200000| PB 0x0000000704200000| Untracked 
|  11|0x0000000704400000, 0x0000000704400000, 0x0000000704600000|  0%| F|  |TAMS 0x0000000704400000| PB 0x0000000704400000| Untracked 
|  12|0x0000000704600000, 0x0000000704600000, 0x0000000704800000|  0%| F|  |TAMS 0x0000000704600000| PB 0x0000000704600000| Untracked 
|  13|0x0000000704800000, 0x0000000704800000, 0x0000000704a00000|  0%| F|  |TAMS 0x0000000704800000| PB 0x0000000704800000| Untracked 
|  14|0x0000000704a00000, 0x0000000704a00000, 0x0000000704c00000|  0%| F|  |TAMS 0x0000000704a00000| PB 0x0000000704a00000| Untracked 
|  15|0x0000000704c00000, 0x0000000704c00000, 0x0000000704e00000|  0%| F|  |TAMS 0x0000000704c00000| PB 0x0000000704c00000| Untracked 
|  16|0x0000000704e00000, 0x0000000704e00000, 0x0000000705000000|  0%| F|  |TAMS 0x0000000704e00000| PB 0x0000000704e00000| Untracked 
|  17|0x0000000705000000, 0x0000000705000000, 0x0000000705200000|  0%| F|  |TAMS 0x0000000705000000| PB 0x0000000705000000| Untracked 
|  18|0x0000000705200000, 0x0000000705200000, 0x0000000705400000|  0%| F|  |TAMS 0x0000000705200000| PB 0x0000000705200000| Untracked 
|  19|0x0000000705400000, 0x0000000705400000, 0x0000000705600000|  0%| F|  |TAMS 0x0000000705400000| PB 0x0000000705400000| Untracked 
|  20|0x0000000705600000, 0x0000000705600000, 0x0000000705800000|  0%| F|  |TAMS 0x0000000705600000| PB 0x0000000705600000| Untracked 
|  21|0x0000000705800000, 0x0000000705800000, 0x0000000705a00000|  0%| F|  |TAMS 0x0000000705800000| PB 0x0000000705800000| Untracked 
|  22|0x0000000705a00000, 0x0000000705a00000, 0x0000000705c00000|  0%| F|  |TAMS 0x0000000705a00000| PB 0x0000000705a00000| Untracked 
|  23|0x0000000705c00000, 0x0000000705c00000, 0x0000000705e00000|  0%| F|  |TAMS 0x0000000705c00000| PB 0x0000000705c00000| Untracked 
|  24|0x0000000705e00000, 0x0000000705e00000, 0x0000000706000000|  0%| F|  |TAMS 0x0000000705e00000| PB 0x0000000705e00000| Untracked 
|  25|0x0000000706000000, 0x0000000706000000, 0x0000000706200000|  0%| F|  |TAMS 0x0000000706000000| PB 0x0000000706000000| Untracked 
|  26|0x0000000706200000, 0x0000000706200000, 0x0000000706400000|  0%| F|  |TAMS 0x0000000706200000| PB 0x0000000706200000| Untracked 
|  27|0x0000000706400000, 0x0000000706400000, 0x0000000706600000|  0%| F|  |TAMS 0x0000000706400000| PB 0x0000000706400000| Untracked 
|  28|0x0000000706600000, 0x0000000706600000, 0x0000000706800000|  0%| F|  |TAMS 0x0000000706600000| PB 0x0000000706600000| Untracked 
|  29|0x0000000706800000, 0x0000000706800000, 0x0000000706a00000|  0%| F|  |TAMS 0x0000000706800000| PB 0x0000000706800000| Untracked 
|  30|0x0000000706a00000, 0x0000000706a00000, 0x0000000706c00000|  0%| F|  |TAMS 0x0000000706a00000| PB 0x0000000706a00000| Untracked 
|  31|0x0000000706c00000, 0x0000000706c00000, 0x0000000706e00000|  0%| F|  |TAMS 0x0000000706c00000| PB 0x0000000706c00000| Untracked 
|  32|0x0000000706e00000, 0x0000000706e00000, 0x0000000707000000|  0%| F|  |TAMS 0x0000000706e00000| PB 0x0000000706e00000| Untracked 
|  33|0x0000000707000000, 0x0000000707000000, 0x0000000707200000|  0%| F|  |TAMS 0x0000000707000000| PB 0x0000000707000000| Untracked 
|  34|0x0000000707200000, 0x0000000707200000, 0x0000000707400000|  0%| F|  |TAMS 0x0000000707200000| PB 0x0000000707200000| Untracked 
|  35|0x0000000707400000, 0x0000000707400000, 0x0000000707600000|  0%| F|  |TAMS 0x0000000707400000| PB 0x0000000707400000| Untracked 
|  36|0x0000000707600000, 0x0000000707600000, 0x0000000707800000|  0%| F|  |TAMS 0x0000000707600000| PB 0x0000000707600000| Untracked 
|  37|0x0000000707800000, 0x0000000707800000, 0x0000000707a00000|  0%| F|  |TAMS 0x0000000707800000| PB 0x0000000707800000| Untracked 
|  38|0x0000000707a00000, 0x0000000707a00000, 0x0000000707c00000|  0%| F|  |TAMS 0x0000000707a00000| PB 0x0000000707a00000| Untracked 
|  39|0x0000000707c00000, 0x0000000707c00000, 0x0000000707e00000|  0%| F|  |TAMS 0x0000000707c00000| PB 0x0000000707c00000| Untracked 
|  40|0x0000000707e00000, 0x0000000707e00000, 0x0000000708000000|  0%| F|  |TAMS 0x0000000707e00000| PB 0x0000000707e00000| Untracked 
|  41|0x0000000708000000, 0x0000000708000000, 0x0000000708200000|  0%| F|  |TAMS 0x0000000708000000| PB 0x0000000708000000| Untracked 
|  42|0x0000000708200000, 0x0000000708200000, 0x0000000708400000|  0%| F|  |TAMS 0x0000000708200000| PB 0x0000000708200000| Untracked 
|  43|0x0000000708400000, 0x0000000708400000, 0x0000000708600000|  0%| F|  |TAMS 0x0000000708400000| PB 0x0000000708400000| Untracked 
|  44|0x0000000708600000, 0x0000000708600000, 0x0000000708800000|  0%| F|  |TAMS 0x0000000708600000| PB 0x0000000708600000| Untracked 
|  45|0x0000000708800000, 0x0000000708800000, 0x0000000708a00000|  0%| F|  |TAMS 0x0000000708800000| PB 0x0000000708800000| Untracked 
|  46|0x0000000708a00000, 0x0000000708a00000, 0x0000000708c00000|  0%| F|  |TAMS 0x0000000708a00000| PB 0x0000000708a00000| Untracked 
|  47|0x0000000708c00000, 0x0000000708c00000, 0x0000000708e00000|  0%| F|  |TAMS 0x0000000708c00000| PB 0x0000000708c00000| Untracked 
|  48|0x0000000708e00000, 0x0000000708e00000, 0x0000000709000000|  0%| F|  |TAMS 0x0000000708e00000| PB 0x0000000708e00000| Untracked 
|  49|0x0000000709000000, 0x0000000709000000, 0x0000000709200000|  0%| F|  |TAMS 0x0000000709000000| PB 0x0000000709000000| Untracked 
|  50|0x0000000709200000, 0x0000000709200000, 0x0000000709400000|  0%| F|  |TAMS 0x0000000709200000| PB 0x0000000709200000| Untracked 
|  51|0x0000000709400000, 0x0000000709400000, 0x0000000709600000|  0%| F|  |TAMS 0x0000000709400000| PB 0x0000000709400000| Untracked 
|  52|0x0000000709600000, 0x0000000709600000, 0x0000000709800000|  0%| F|  |TAMS 0x0000000709600000| PB 0x0000000709600000| Untracked 
|  53|0x0000000709800000, 0x0000000709800000, 0x0000000709a00000|  0%| F|  |TAMS 0x0000000709800000| PB 0x0000000709800000| Untracked 
|  54|0x0000000709a00000, 0x0000000709a00000, 0x0000000709c00000|  0%| F|  |TAMS 0x0000000709a00000| PB 0x0000000709a00000| Untracked 
|  55|0x0000000709c00000, 0x0000000709c00000, 0x0000000709e00000|  0%| F|  |TAMS 0x0000000709c00000| PB 0x0000000709c00000| Untracked 
|  56|0x0000000709e00000, 0x0000000709e00000, 0x000000070a000000|  0%| F|  |TAMS 0x0000000709e00000| PB 0x0000000709e00000| Untracked 
|  57|0x000000070a000000, 0x000000070a000000, 0x000000070a200000|  0%| F|  |TAMS 0x000000070a000000| PB 0x000000070a000000| Untracked 
|  58|0x000000070a200000, 0x000000070a200000, 0x000000070a400000|  0%| F|  |TAMS 0x000000070a200000| PB 0x000000070a200000| Untracked 
|  59|0x000000070a400000, 0x000000070a400000, 0x000000070a600000|  0%| F|  |TAMS 0x000000070a400000| PB 0x000000070a400000| Untracked 
|  60|0x000000070a600000, 0x000000070a600000, 0x000000070a800000|  0%| F|  |TAMS 0x000000070a600000| PB 0x000000070a600000| Untracked 
|  61|0x000000070a800000, 0x000000070a800000, 0x000000070aa00000|  0%| F|  |TAMS 0x000000070a800000| PB 0x000000070a800000| Untracked 
|  62|0x000000070aa00000, 0x000000070aa00000, 0x000000070ac00000|  0%| F|  |TAMS 0x000000070aa00000| PB 0x000000070aa00000| Untracked 
|  63|0x000000070ac00000, 0x000000070ac00000, 0x000000070ae00000|  0%| F|  |TAMS 0x000000070ac00000| PB 0x000000070ac00000| Untracked 
|  64|0x000000070ae00000, 0x000000070ae00000, 0x000000070b000000|  0%| F|  |TAMS 0x000000070ae00000| PB 0x000000070ae00000| Untracked 
|  65|0x000000070b000000, 0x000000070b000000, 0x000000070b200000|  0%| F|  |TAMS 0x000000070b000000| PB 0x000000070b000000| Untracked 
|  66|0x000000070b200000, 0x000000070b200000, 0x000000070b400000|  0%| F|  |TAMS 0x000000070b200000| PB 0x000000070b200000| Untracked 
|  67|0x000000070b400000, 0x000000070b400000, 0x000000070b600000|  0%| F|  |TAMS 0x000000070b400000| PB 0x000000070b400000| Untracked 
|  68|0x000000070b600000, 0x000000070b600000, 0x000000070b800000|  0%| F|  |TAMS 0x000000070b600000| PB 0x000000070b600000| Untracked 
|  69|0x000000070b800000, 0x000000070b800000, 0x000000070ba00000|  0%| F|  |TAMS 0x000000070b800000| PB 0x000000070b800000| Untracked 
|  70|0x000000070ba00000, 0x000000070ba00000, 0x000000070bc00000|  0%| F|  |TAMS 0x000000070ba00000| PB 0x000000070ba00000| Untracked 
|  71|0x000000070bc00000, 0x000000070bc00000, 0x000000070be00000|  0%| F|  |TAMS 0x000000070bc00000| PB 0x000000070bc00000| Untracked 
|  72|0x000000070be00000, 0x000000070be00000, 0x000000070c000000|  0%| F|  |TAMS 0x000000070be00000| PB 0x000000070be00000| Untracked 
|  73|0x000000070c000000, 0x000000070c000000, 0x000000070c200000|  0%| F|  |TAMS 0x000000070c000000| PB 0x000000070c000000| Untracked 
|  74|0x000000070c200000, 0x000000070c200000, 0x000000070c400000|  0%| F|  |TAMS 0x000000070c200000| PB 0x000000070c200000| Untracked 
|  75|0x000000070c400000, 0x000000070c400000, 0x000000070c600000|  0%| F|  |TAMS 0x000000070c400000| PB 0x000000070c400000| Untracked 
|  76|0x000000070c600000, 0x000000070c600000, 0x000000070c800000|  0%| F|  |TAMS 0x000000070c600000| PB 0x000000070c600000| Untracked 
|  77|0x000000070c800000, 0x000000070c800000, 0x000000070ca00000|  0%| F|  |TAMS 0x000000070c800000| PB 0x000000070c800000| Untracked 
|  78|0x000000070ca00000, 0x000000070ca00000, 0x000000070cc00000|  0%| F|  |TAMS 0x000000070ca00000| PB 0x000000070ca00000| Untracked 
|  79|0x000000070cc00000, 0x000000070cc00000, 0x000000070ce00000|  0%| F|  |TAMS 0x000000070cc00000| PB 0x000000070cc00000| Untracked 
|  80|0x000000070ce00000, 0x000000070ce00000, 0x000000070d000000|  0%| F|  |TAMS 0x000000070ce00000| PB 0x000000070ce00000| Untracked 
|  81|0x000000070d000000, 0x000000070d000000, 0x000000070d200000|  0%| F|  |TAMS 0x000000070d000000| PB 0x000000070d000000| Untracked 
|  82|0x000000070d200000, 0x000000070d200000, 0x000000070d400000|  0%| F|  |TAMS 0x000000070d200000| PB 0x000000070d200000| Untracked 
|  83|0x000000070d400000, 0x000000070d400000, 0x000000070d600000|  0%| F|  |TAMS 0x000000070d400000| PB 0x000000070d400000| Untracked 
|  84|0x000000070d600000, 0x000000070d600000, 0x000000070d800000|  0%| F|  |TAMS 0x000000070d600000| PB 0x000000070d600000| Untracked 
|  85|0x000000070d800000, 0x000000070d800000, 0x000000070da00000|  0%| F|  |TAMS 0x000000070d800000| PB 0x000000070d800000| Untracked 
|  86|0x000000070da00000, 0x000000070da00000, 0x000000070dc00000|  0%| F|  |TAMS 0x000000070da00000| PB 0x000000070da00000| Untracked 
|  87|0x000000070dc00000, 0x000000070dc00000, 0x000000070de00000|  0%| F|  |TAMS 0x000000070dc00000| PB 0x000000070dc00000| Untracked 
|  88|0x000000070de00000, 0x000000070de00000, 0x000000070e000000|  0%| F|  |TAMS 0x000000070de00000| PB 0x000000070de00000| Untracked 
|  89|0x000000070e000000, 0x000000070e000000, 0x000000070e200000|  0%| F|  |TAMS 0x000000070e000000| PB 0x000000070e000000| Untracked 
|  90|0x000000070e200000, 0x000000070e200000, 0x000000070e400000|  0%| F|  |TAMS 0x000000070e200000| PB 0x000000070e200000| Untracked 
|  91|0x000000070e400000, 0x000000070e400000, 0x000000070e600000|  0%| F|  |TAMS 0x000000070e400000| PB 0x000000070e400000| Untracked 
|  92|0x000000070e600000, 0x000000070e600000, 0x000000070e800000|  0%| F|  |TAMS 0x000000070e600000| PB 0x000000070e600000| Untracked 
|  93|0x000000070e800000, 0x000000070e800000, 0x000000070ea00000|  0%| F|  |TAMS 0x000000070e800000| PB 0x000000070e800000| Untracked 
|  94|0x000000070ea00000, 0x000000070ea00000, 0x000000070ec00000|  0%| F|  |TAMS 0x000000070ea00000| PB 0x000000070ea00000| Untracked 
|  95|0x000000070ec00000, 0x000000070ec00000, 0x000000070ee00000|  0%| F|  |TAMS 0x000000070ec00000| PB 0x000000070ec00000| Untracked 
|  96|0x000000070ee00000, 0x000000070ee00000, 0x000000070f000000|  0%| F|  |TAMS 0x000000070ee00000| PB 0x000000070ee00000| Untracked 
|  97|0x000000070f000000, 0x000000070f000000, 0x000000070f200000|  0%| F|  |TAMS 0x000000070f000000| PB 0x000000070f000000| Untracked 
|  98|0x000000070f200000, 0x000000070f200000, 0x000000070f400000|  0%| F|  |TAMS 0x000000070f200000| PB 0x000000070f200000| Untracked 
|  99|0x000000070f400000, 0x000000070f400000, 0x000000070f600000|  0%| F|  |TAMS 0x000000070f400000| PB 0x000000070f400000| Untracked 
| 100|0x000000070f600000, 0x000000070f600000, 0x000000070f800000|  0%| F|  |TAMS 0x000000070f600000| PB 0x000000070f600000| Untracked 
| 101|0x000000070f800000, 0x000000070f800000, 0x000000070fa00000|  0%| F|  |TAMS 0x000000070f800000| PB 0x000000070f800000| Untracked 
| 102|0x000000070fa00000, 0x000000070fa00000, 0x000000070fc00000|  0%| F|  |TAMS 0x000000070fa00000| PB 0x000000070fa00000| Untracked 
| 103|0x000000070fc00000, 0x000000070fc00000, 0x000000070fe00000|  0%| F|  |TAMS 0x000000070fc00000| PB 0x000000070fc00000| Untracked 
| 104|0x000000070fe00000, 0x000000070fe00000, 0x0000000710000000|  0%| F|  |TAMS 0x000000070fe00000| PB 0x000000070fe00000| Untracked 
| 105|0x0000000710000000, 0x0000000710000000, 0x0000000710200000|  0%| F|  |TAMS 0x0000000710000000| PB 0x0000000710000000| Untracked 
| 106|0x0000000710200000, 0x0000000710200000, 0x0000000710400000|  0%| F|  |TAMS 0x0000000710200000| PB 0x0000000710200000| Untracked 
| 107|0x0000000710400000, 0x0000000710400000, 0x0000000710600000|  0%| F|  |TAMS 0x0000000710400000| PB 0x0000000710400000| Untracked 
| 108|0x0000000710600000, 0x0000000710600000, 0x0000000710800000|  0%| F|  |TAMS 0x0000000710600000| PB 0x0000000710600000| Untracked 
| 109|0x0000000710800000, 0x0000000710800000, 0x0000000710a00000|  0%| F|  |TAMS 0x0000000710800000| PB 0x0000000710800000| Untracked 
| 110|0x0000000710a00000, 0x0000000710a00000, 0x0000000710c00000|  0%| F|  |TAMS 0x0000000710a00000| PB 0x0000000710a00000| Untracked 
| 111|0x0000000710c00000, 0x0000000710c00000, 0x0000000710e00000|  0%| F|  |TAMS 0x0000000710c00000| PB 0x0000000710c00000| Untracked 
| 112|0x0000000710e00000, 0x0000000710e00000, 0x0000000711000000|  0%| F|  |TAMS 0x0000000710e00000| PB 0x0000000710e00000| Untracked 
| 113|0x0000000711000000, 0x0000000711200000, 0x0000000711200000|100%| S|CS|TAMS 0x0000000711000000| PB 0x0000000711000000| Complete 
| 114|0x0000000711200000, 0x0000000711200000, 0x0000000711400000|  0%| F|  |TAMS 0x0000000711200000| PB 0x0000000711200000| Untracked 
| 115|0x0000000711400000, 0x0000000711400000, 0x0000000711600000|  0%| F|  |TAMS 0x0000000711400000| PB 0x0000000711400000| Untracked 
| 116|0x0000000711600000, 0x0000000711800000, 0x0000000711800000|100%| S|CS|TAMS 0x0000000711600000| PB 0x0000000711600000| Complete 
| 117|0x0000000711800000, 0x0000000711800000, 0x0000000711a00000|  0%| F|  |TAMS 0x0000000711800000| PB 0x0000000711800000| Untracked 
| 118|0x0000000711a00000, 0x0000000711a00000, 0x0000000711c00000|  0%| F|  |TAMS 0x0000000711a00000| PB 0x0000000711a00000| Untracked 
| 119|0x0000000711c00000, 0x0000000711c00000, 0x0000000711e00000|  0%| F|  |TAMS 0x0000000711c00000| PB 0x0000000711c00000| Untracked 
| 120|0x0000000711e00000, 0x0000000711e00000, 0x0000000712000000|  0%| F|  |TAMS 0x0000000711e00000| PB 0x0000000711e00000| Untracked 
| 121|0x0000000712000000, 0x0000000712000000, 0x0000000712200000|  0%| F|  |TAMS 0x0000000712000000| PB 0x0000000712000000| Untracked 
| 122|0x0000000712200000, 0x0000000712200000, 0x0000000712400000|  0%| F|  |TAMS 0x0000000712200000| PB 0x0000000712200000| Untracked 
| 123|0x0000000712400000, 0x0000000712400000, 0x0000000712600000|  0%| F|  |TAMS 0x0000000712400000| PB 0x0000000712400000| Untracked 
| 124|0x0000000712600000, 0x0000000712783c38, 0x0000000712800000| 75%| E|  |TAMS 0x0000000712600000| PB 0x0000000712600000| Complete 
| 125|0x0000000712800000, 0x0000000712a00000, 0x0000000712a00000|100%| E|CS|TAMS 0x0000000712800000| PB 0x0000000712800000| Complete 
| 126|0x0000000712a00000, 0x0000000712c00000, 0x0000000712c00000|100%| E|CS|TAMS 0x0000000712a00000| PB 0x0000000712a00000| Complete 

Card table byte_map: [0x0000017157400000,0x0000017157bf0000] _byte_map_base: 0x0000017153be9000

Marking Bits: (CMBitMap*) 0x000001713eeff5d0
 Bits: [0x0000017157bf0000, 0x000001715bb38000)

Polling page: 0x000001713cc90000

Metaspace:

Usage:
  Non-class:      8.07 MB used.
      Class:      1.05 MB used.
       Both:      9.12 MB used.

Virtual space:
  Non-class space:       64.00 MB reserved,       8.19 MB ( 13%) committed,  1 nodes.
      Class space:        1.00 GB reserved,       1.19 MB ( <1%) committed,  1 nodes.
             Both:        1.06 GB reserved,       9.38 MB ( <1%) committed. 

Chunk freelists:
   Non-Class:  7.31 MB
       Class:  14.77 MB
        Both:  22.08 MB

MaxMetaspaceSize: unlimited
CompressedClassSpaceSize: 1.00 GB
Initial GC threshold: 21.00 MB
Current GC threshold: 21.00 MB
CDS: on
 - commit_granule_bytes: 65536.
 - commit_granule_words: 8192.
 - virtual_space_node_default_size: 8388608.
 - enlarge_chunks_in_place: 1.
 - use_allocation_guard: 0.


Internal statistics:

num_allocs_failed_limit: 0.
num_arena_births: 266.
num_arena_deaths: 0.
num_vsnodes_births: 2.
num_vsnodes_deaths: 0.
num_space_committed: 150.
num_space_uncommitted: 0.
num_chunks_returned_to_freelist: 0.
num_chunks_taken_from_freelist: 517.
num_chunk_merges: 0.
num_chunk_splits: 318.
num_chunks_enlarged: 197.
num_inconsistent_stats: 0.

CodeHeap 'non-profiled nmethods': size=120000Kb used=754Kb max_used=754Kb free=119245Kb
 bounds [0x000001714f180000, 0x000001714f3f0000, 0x00000171566b0000]
CodeHeap 'profiled nmethods': size=120000Kb used=2773Kb max_used=2773Kb free=117226Kb
 bounds [0x00000171476b0000, 0x0000017147970000, 0x000001714ebe0000]
CodeHeap 'non-nmethods': size=5760Kb used=1398Kb max_used=1431Kb free=4361Kb
 bounds [0x000001714ebe0000, 0x000001714ee50000, 0x000001714f180000]
CodeCache: size=245760Kb, used=4925Kb, max_used=4958Kb, free=240832Kb
 total_blobs=2109, nmethods=1613, adapters=401, full_count=0
Compilation: enabled, stopped_count=0, restarted_count=0

Compilation events (20 events):
Event: 0.967 Thread 0x000001715e800240 nmethod 1597 0x000001714795f010 code [0x000001714795f280, 0x000001714795fe20]
Event: 0.967 Thread 0x000001715e800240 1593       3       java.lang.invoke.LambdaForm$NamedFunction::member (26 bytes)
Event: 0.967 Thread 0x000001715e800240 nmethod 1593 0x0000017147960110 code [0x00000171479602a0, 0x00000171479603c0]
Event: 0.967 Thread 0x000001715e800240 1594       3       java.lang.invoke.InvokerBytecodeGenerator::isStaticallyInvocable (165 bytes)
Event: 0.968 Thread 0x000001715e800240 nmethod 1594 0x0000017147960490 code [0x0000017147960840, 0x0000017147961bc0]
Event: 0.968 Thread 0x000001715e800240 1595       3       java.lang.invoke.MemberName::isPrivate (8 bytes)
Event: 0.968 Thread 0x000001715e800240 nmethod 1595 0x0000017147962110 code [0x00000171479622c0, 0x0000017147962480]
Event: 0.968 Thread 0x000001715e800240 1588       3       java.lang.invoke.MethodHandles$Lookup::resolveOrFail (48 bytes)
Event: 0.968 Thread 0x000001715e800240 nmethod 1588 0x0000017147962510 code [0x0000017147962760, 0x0000017147962e18]
Event: 0.969 Thread 0x000001715e800240 1605       1       java.lang.invoke.InvokerBytecodeGenerator::setClassWriter (6 bytes)
Event: 0.969 Thread 0x000001715e800240 nmethod 1605 0x000001714f239610 code [0x000001714f2397a0, 0x000001714f2398b8]
Event: 0.969 Thread 0x000001715e800240 1606       3       jdk.internal.org.objectweb.asm.MethodWriter::visitAnnotation (40 bytes)
Event: 0.969 Thread 0x000001715e800240 nmethod 1606 0x0000017147963110 code [0x00000171479632e0, 0x00000171479635a8]
Event: 0.969 Thread 0x000001715e800240 1607       3       jdk.internal.org.objectweb.asm.AnnotationWriter::create (34 bytes)
Event: 0.969 Thread 0x000001715e800240 nmethod 1607 0x0000017147963690 code [0x0000017147963880, 0x0000017147963d28]
Event: 0.969 Thread 0x000001715e800240 1608       3       jdk.internal.org.objectweb.asm.AnnotationWriter::<init> (60 bytes)
Event: 0.969 Thread 0x000001715e800240 nmethod 1608 0x0000017147963f10 code [0x00000171479640e0, 0x00000171479644e8]
Event: 0.969 Thread 0x000001715e800240 1609       3       jdk.internal.org.objectweb.asm.AnnotationVisitor::<init> (7 bytes)
Event: 0.969 Thread 0x000001715e800240 nmethod 1609 0x0000017147964690 code [0x0000017147964840, 0x0000017147964988]
Event: 0.970 Thread 0x000001715e800240 1610       3       jdk.internal.org.objectweb.asm.AnnotationVisitor::<init> (78 bytes)

GC Heap History (4 events):
Event: 0.429 GC heap before
{Heap before GC invocations=0 (full 0):
 garbage-first heap   total 260096K, used 20480K [0x0000000702e00000, 0x0000000800000000)
  region size 2048K, 11 young (22528K), 0 survivors (0K)
 Metaspace       used 3030K, committed 3200K, reserved 1114112K
  class space    used 298K, committed 384K, reserved 1048576K
}
Event: 0.433 GC heap after
{Heap after GC invocations=1 (full 0):
 garbage-first heap   total 260096K, used 9284K [0x0000000702e00000, 0x0000000800000000)
  region size 2048K, 2 young (4096K), 2 survivors (4096K)
 Metaspace       used 3030K, committed 3200K, reserved 1114112K
  class space    used 298K, committed 384K, reserved 1048576K
}
Event: 0.858 GC heap before
{Heap before GC invocations=1 (full 0):
 garbage-first heap   total 260096K, used 27716K [0x0000000702e00000, 0x0000000800000000)
  region size 2048K, 12 young (24576K), 2 survivors (4096K)
 Metaspace       used 8039K, committed 8320K, reserved 1114112K
  class space    used 887K, committed 1024K, reserved 1048576K
}
Event: 0.861 GC heap after
{Heap after GC invocations=2 (full 0):
 garbage-first heap   total 260096K, used 13416K [0x0000000702e00000, 0x0000000800000000)
  region size 2048K, 2 young (4096K), 2 survivors (4096K)
 Metaspace       used 8039K, committed 8320K, reserved 1114112K
  class space    used 887K, committed 1024K, reserved 1048576K
}

Dll operation events (9 events):
Event: 0.011 Loaded shared library C:\Users\Meneses\.jdks\azul-21.0.8\bin\java.dll
Event: 0.040 Loaded shared library C:\Users\Meneses\.jdks\azul-21.0.8\bin\jsvml.dll
Event: 0.111 Loaded shared library C:\Users\Meneses\.jdks\azul-21.0.8\bin\zip.dll
Event: 0.116 Loaded shared library C:\Users\Meneses\.jdks\azul-21.0.8\bin\instrument.dll
Event: 0.120 Loaded shared library C:\Users\Meneses\.jdks\azul-21.0.8\bin\net.dll
Event: 0.122 Loaded shared library C:\Users\Meneses\.jdks\azul-21.0.8\bin\nio.dll
Event: 0.124 Loaded shared library C:\Users\Meneses\.jdks\azul-21.0.8\bin\zip.dll
Event: 0.207 Loaded shared library C:\Users\Meneses\.jdks\azul-21.0.8\bin\extnet.dll
Event: 0.251 Loaded shared library C:\Users\Meneses\.jdks\azul-21.0.8\bin\jimage.dll

Deoptimization events (20 events):
Event: 0.741 Thread 0x000001713ee92a50 Uncommon trap: trap_request=0xffffffde fr.pc=0x000001714f1ee42c relative=0x00000000000004cc
Event: 0.741 Thread 0x000001713ee92a50 Uncommon trap: reason=class_check action=maybe_recompile pc=0x000001714f1ee42c method=java.util.ImmutableCollections$MapN.probe(Ljava/lang/Object;)I @ 1 c2
Event: 0.741 Thread 0x000001713ee92a50 DEOPT PACKING pc=0x000001714f1ee42c sp=0x0000005f7bafcb80
Event: 0.741 Thread 0x000001713ee92a50 DEOPT UNPACKING pc=0x000001714ec346a2 sp=0x0000005f7bafcb30 mode 2
Event: 0.741 Thread 0x000001713ee92a50 Uncommon trap: trap_request=0xffffffde fr.pc=0x000001714f1ee42c relative=0x00000000000004cc
Event: 0.741 Thread 0x000001713ee92a50 Uncommon trap: reason=class_check action=maybe_recompile pc=0x000001714f1ee42c method=java.util.ImmutableCollections$MapN.probe(Ljava/lang/Object;)I @ 1 c2
Event: 0.741 Thread 0x000001713ee92a50 DEOPT PACKING pc=0x000001714f1ee42c sp=0x0000005f7bafcb80
Event: 0.741 Thread 0x000001713ee92a50 DEOPT UNPACKING pc=0x000001714ec346a2 sp=0x0000005f7bafcb30 mode 2
Event: 0.741 Thread 0x000001713ee92a50 Uncommon trap: trap_request=0xffffffde fr.pc=0x000001714f1ee42c relative=0x00000000000004cc
Event: 0.741 Thread 0x000001713ee92a50 Uncommon trap: reason=class_check action=maybe_recompile pc=0x000001714f1ee42c method=java.util.ImmutableCollections$MapN.probe(Ljava/lang/Object;)I @ 1 c2
Event: 0.741 Thread 0x000001713ee92a50 DEOPT PACKING pc=0x000001714f1ee42c sp=0x0000005f7bafcb80
Event: 0.741 Thread 0x000001713ee92a50 DEOPT UNPACKING pc=0x000001714ec346a2 sp=0x0000005f7bafcb30 mode 2
Event: 0.786 Thread 0x000001713ee92a50 DEOPT PACKING pc=0x000001714774df45 sp=0x0000005f7bafde40
Event: 0.786 Thread 0x000001713ee92a50 DEOPT UNPACKING pc=0x000001714ec34e42 sp=0x0000005f7bafd348 mode 0
Event: 0.819 Thread 0x000001713ee92a50 DEOPT PACKING pc=0x000001714785f1f9 sp=0x0000005f7bafdb70
Event: 0.819 Thread 0x000001713ee92a50 DEOPT UNPACKING pc=0x000001714ec34e42 sp=0x0000005f7bafcfe0 mode 0
Event: 0.942 Thread 0x000001713ee92a50 Uncommon trap: trap_request=0xffffff6e fr.pc=0x000001714f1ca090 relative=0x0000000000000450
Event: 0.942 Thread 0x000001713ee92a50 Uncommon trap: reason=loop_limit_check action=maybe_recompile pc=0x000001714f1ca090 method=java.lang.StringLatin1.indexOf([BI[BII)I @ 37 c2
Event: 0.942 Thread 0x000001713ee92a50 DEOPT PACKING pc=0x000001714f1ca090 sp=0x0000005f7bafdc70
Event: 0.942 Thread 0x000001713ee92a50 DEOPT UNPACKING pc=0x000001714ec346a2 sp=0x0000005f7bafdbd0 mode 2

Classes loaded (20 events):
Event: 0.939 Loading class java/nio/channels/WritableByteChannel
Event: 0.939 Loading class java/nio/channels/WritableByteChannel done
Event: 0.954 Loading class java/util/Formatter$FixedString
Event: 0.954 Loading class java/util/Formatter$FixedString done
Event: 0.956 Loading class java/io/LineNumberReader
Event: 0.956 Loading class java/io/LineNumberReader done
Event: 0.957 Loading class sun/nio/cs/ISO_8859_1$Decoder
Event: 0.957 Loading class sun/nio/cs/ISO_8859_1$Decoder done
Event: 0.960 Loading class java/lang/runtime/ObjectMethods
Event: 0.960 Loading class java/lang/runtime/ObjectMethods done
Event: 0.962 Loading class java/lang/invoke/MethodHandleImpl$Makers
Event: 0.962 Loading class java/lang/invoke/MethodHandleImpl$Makers done
Event: 0.962 Loading class java/lang/invoke/MethodHandleImpl$Makers$1
Event: 0.962 Loading class java/lang/invoke/MethodHandleImpl$Makers$1 done
Event: 0.962 Loading class java/lang/invoke/MethodHandleImpl$Makers$2
Event: 0.962 Loading class java/lang/invoke/MethodHandleImpl$Makers$2 done
Event: 0.962 Loading class java/lang/invoke/MethodHandleImpl$Makers$3
Event: 0.962 Loading class java/lang/invoke/MethodHandleImpl$Makers$3 done
Event: 0.967 Loading class java/lang/runtime/ObjectMethods$1
Event: 0.967 Loading class java/lang/runtime/ObjectMethods$1 done

Classes unloaded (0 events):
No events

Classes redefined (0 events):
No events

Internal exceptions (20 events):
Event: 0.902 Thread 0x000001713ee92a50 Exception <a 'java/lang/NoSuchMethodError'{0x000000071281f4c8}: 'void java.lang.invoke.DirectMethodHandle$Holder.invokeSpecial(java.lang.Object, java.lang.Object, java.lang.Object)'> (0x000000071281f4c8) 
thrown [s\src\hotspot\share\interpreter\linkResolver.cpp, line 773]
Event: 0.904 Thread 0x000001713ee92a50 Exception <a 'java/lang/NoSuchMethodError'{0x000000071283df98}: 'java.lang.Object java.lang.invoke.DirectMethodHandle$Holder.newInvokeSpecial(java.lang.Object, java.lang.Object, java.lang.Object, java.lang.Object, java.lang.Object, java.lang.Object, java.lang.Object)'> (0x000000071283df98) 
thrown [s\src\hotspot\share\interpreter\linkResolver.cpp, line 773]
Event: 0.906 Thread 0x000001713ee92a50 Exception <a 'java/lang/NoSuchMethodError'{0x0000000712855768}: 'void java.lang.invoke.DirectMethodHandle$Holder.invokeStaticInit(java.lang.Object, java.lang.Object)'> (0x0000000712855768) 
thrown [s\src\hotspot\share\interpreter\linkResolver.cpp, line 773]
Event: 0.908 Thread 0x000001713ee92a50 Exception <a 'java/lang/NoSuchMethodError'{0x000000071287a430}: 'void java.lang.invoke.DirectMethodHandle$Holder.invokeInterface(java.lang.Object, java.lang.Object)'> (0x000000071287a430) 
thrown [s\src\hotspot\share\interpreter\linkResolver.cpp, line 773]
Event: 0.922 Thread 0x000001713ee92a50 Exception <a 'java/lang/NoSuchMethodError'{0x000000071291cc28}: 'java.lang.Object java.lang.invoke.DirectMethodHandle$Holder.invokeSpecial(java.lang.Object, java.lang.Object, java.lang.Object, java.lang.Object, java.lang.Object, java.lang.Object, int)'> (0x000000071291cc28) 
thrown [s\src\hotspot\share\interpreter\linkResolver.cpp, line 773]
Event: 0.922 Thread 0x000001713ee92a50 Exception <a 'java/lang/NoSuchMethodError'{0x0000000712926590}: 'java.lang.Object java.lang.invoke.DirectMethodHandle$Holder.newInvokeSpecial(java.lang.Object, java.lang.Object, java.lang.Object, java.lang.Object, java.lang.Object, java.lang.Object, int)'> (0x0000000712926590) 
thrown [s\src\hotspot\share\interpreter\linkResolver.cpp, line 773]
Event: 0.922 Thread 0x000001713ee92a50 Exception <a 'java/lang/NoSuchMethodError'{0x000000071292ac30}: 'java.lang.Object java.lang.invoke.DirectMethodHandle$Holder.invokeSpecial(java.lang.Object, java.lang.Object, java.lang.Object, java.lang.Object, java.lang.Object, java.lang.Object, java.lang.Object, int)'> (0x000000071292ac30) 
thrown [s\src\hotspot\share\interpreter\linkResolver.cpp, line 773]
Event: 0.944 Thread 0x000001713ee92a50 Exception <a 'java/lang/NoSuchMethodError'{0x000000071264c0f8}: 'int java.lang.invoke.DirectMethodHandle$Holder.invokeInterface(java.lang.Object, java.lang.Object)'> (0x000000071264c0f8) 
thrown [s\src\hotspot\share\interpreter\linkResolver.cpp, line 773]
Event: 0.949 Thread 0x000001713ee92a50 Exception <a 'java/lang/NoSuchMethodError'{0x000000071266d6f0}: 'void java.lang.invoke.DirectMethodHandle$Holder.invokeSpecial(java.lang.Object, java.lang.Object, java.lang.Object, java.lang.Object, java.lang.Object)'> (0x000000071266d6f0) 
thrown [s\src\hotspot\share\interpreter\linkResolver.cpp, line 773]
Event: 0.961 Thread 0x000001713ee92a50 Exception <a 'java/lang/NoSuchMethodError'{0x00000007126cc3f0}: 'java.lang.Object java.lang.invoke.DirectMethodHandle$Holder.invokeStaticInit(java.lang.Object, java.lang.Object, java.lang.Object, java.lang.Object, java.lang.Object, java.lang.Object, java.lang.Object)'> (0x00000007126cc3f0) 
thrown [s\src\hotspot\share\interpreter\linkResolver.cpp, line 773]
Event: 0.961 Thread 0x000001713ee92a50 Exception <a 'java/lang/NoSuchMethodError'{0x00000007126d52d8}: 'java.lang.Object java.lang.invoke.Invokers$Holder.invoke_MT(java.lang.Object, java.lang.Object, java.lang.Object, java.lang.Object, java.lang.Object, java.lang.Object, java.lang.Object, java.lang.Object, java.lang.Object, java.lang.Object)'> (0x00000007126d52d8) 
thrown [s\src\hotspot\share\interpreter\linkResolver.cpp, line 773]
Event: 0.963 Thread 0x000001713ee92a50 Exception <a 'java/lang/NoSuchMethodError'{0x00000007126db088}: 'java.lang.Object java.lang.invoke.DirectMethodHandle$Holder.invokeStatic(java.lang.Object, java.lang.Object, int)'> (0x00000007126db088) 
thrown [s\src\hotspot\share\interpreter\linkResolver.cpp, line 773]
Event: 0.965 Thread 0x000001713ee92a50 Exception <a 'java/lang/NoSuchMethodError'{0x00000007126eda88}: 'void java.lang.invoke.DelegatingMethodHandle$Holder.delegate(java.lang.Object, java.lang.Object, int, java.lang.Object)'> (0x00000007126eda88) 
thrown [s\src\hotspot\share\interpreter\linkResolver.cpp, line 773]
Event: 0.967 Thread 0x000001713ee92a50 Exception <a 'java/lang/NoSuchMethodError'{0x000000071270c4f0}: 'int java.lang.invoke.DirectMethodHandle$Holder.invokeVirtual(java.lang.Object, java.lang.Object, java.lang.Object)'> (0x000000071270c4f0) 
thrown [s\src\hotspot\share\interpreter\linkResolver.cpp, line 773]
Event: 0.967 Thread 0x000001713ee92a50 Exception <a 'java/lang/NoSuchMethodError'{0x000000071270fbb0}: 'int java.lang.invoke.DirectMethodHandle$Holder.invokeVirtual(java.lang.Object, java.lang.Object)'> (0x000000071270fbb0) 
thrown [s\src\hotspot\share\interpreter\linkResolver.cpp, line 773]
Event: 0.968 Thread 0x000001713ee92a50 Exception <a 'java/lang/NoSuchMethodError'{0x0000000712713c10}: 'int java.lang.invoke.DirectMethodHandle$Holder.invokeStaticInit(java.lang.Object, int, int)'> (0x0000000712713c10) 
thrown [s\src\hotspot\share\interpreter\linkResolver.cpp, line 773]
Event: 0.968 Thread 0x000001713ee92a50 Exception <a 'java/lang/NoSuchMethodError'{0x000000071271b220}: 'int java.lang.invoke.DirectMethodHandle$Holder.invokeStaticInit(java.lang.Object, long, long)'> (0x000000071271b220) 
thrown [s\src\hotspot\share\interpreter\linkResolver.cpp, line 773]
Event: 0.969 Thread 0x000001713ee92a50 Exception <a 'java/lang/NoSuchMethodError'{0x0000000712721cb8}: 'int java.lang.invoke.DirectMethodHandle$Holder.invokeStaticInit(java.lang.Object, float, float)'> (0x0000000712721cb8) 
thrown [s\src\hotspot\share\interpreter\linkResolver.cpp, line 773]
Event: 0.969 Thread 0x000001713ee92a50 Exception <a 'java/lang/NoSuchMethodError'{0x0000000712728998}: 'int java.lang.invoke.DirectMethodHandle$Holder.invokeStaticInit(java.lang.Object, double, double)'> (0x0000000712728998) 
thrown [s\src\hotspot\share\interpreter\linkResolver.cpp, line 773]
Event: 0.969 Thread 0x000001713ee92a50 Exception <a 'java/lang/NoSuchMethodError'{0x000000071272cf00}: 'int java.lang.invoke.DirectMethodHandle$Holder.invokeStatic(java.lang.Object, long)'> (0x000000071272cf00) 
thrown [s\src\hotspot\share\interpreter\linkResolver.cpp, line 773]

ZGC Phase Switch (0 events):
No events

VM Operations (20 events):
Event: 0.233 Executing VM operation: HandshakeAllThreads (Deoptimize)
Event: 0.233 Executing VM operation: HandshakeAllThreads (Deoptimize) done
Event: 0.255 Executing VM operation: HandshakeAllThreads (Deoptimize)
Event: 0.255 Executing VM operation: HandshakeAllThreads (Deoptimize) done
Event: 0.429 Executing VM operation: G1CollectForAllocation (G1 Evacuation Pause)
Event: 0.433 Executing VM operation: G1CollectForAllocation (G1 Evacuation Pause) done
Event: 0.489 Executing VM operation: HandshakeAllThreads (Deoptimize)
Event: 0.489 Executing VM operation: HandshakeAllThreads (Deoptimize) done
Event: 0.691 Executing VM operation: HandshakeAllThreads (Deoptimize)
Event: 0.691 Executing VM operation: HandshakeAllThreads (Deoptimize) done
Event: 0.691 Executing VM operation: HandshakeAllThreads (Deoptimize)
Event: 0.691 Executing VM operation: HandshakeAllThreads (Deoptimize) done
Event: 0.777 Executing VM operation: HandshakeAllThreads (Deoptimize)
Event: 0.777 Executing VM operation: HandshakeAllThreads (Deoptimize) done
Event: 0.785 Executing VM operation: HandshakeAllThreads (Deoptimize)
Event: 0.785 Executing VM operation: HandshakeAllThreads (Deoptimize) done
Event: 0.858 Executing VM operation: G1CollectForAllocation (G1 Evacuation Pause)
Event: 0.861 Executing VM operation: G1CollectForAllocation (G1 Evacuation Pause) done
Event: 0.962 Executing VM operation: HandshakeAllThreads (Deoptimize)
Event: 0.962 Executing VM operation: HandshakeAllThreads (Deoptimize) done

Memory protections (0 events):
No events

Nmethod flushes (0 events):
No events

Events (14 events):
Event: 0.026 Thread 0x000001713ee92a50 Thread added: 0x000001713ee92a50
Event: 0.038 Thread 0x000001713ee92a50 Thread added: 0x000001715e7a2780
Event: 0.038 Thread 0x000001713ee92a50 Thread added: 0x000001715e7a3850
Event: 0.039 Thread 0x000001713ee92a50 Thread added: 0x000001715e7a5b60
Event: 0.039 Thread 0x000001713ee92a50 Thread added: 0x000001715e7a9710
Event: 0.039 Thread 0x000001713ee92a50 Thread added: 0x000001715e7aa830
Event: 0.039 Thread 0x000001713ee92a50 Thread added: 0x000001715e7ab290
Event: 0.039 Thread 0x000001713ee92a50 Thread added: 0x000001715e7bd0e0
Event: 0.039 Thread 0x000001713ee92a50 Thread added: 0x000001715e800240
Event: 0.089 Thread 0x000001713ee92a50 Thread added: 0x000001715e8c0270
Event: 0.106 Thread 0x000001715e800240 Thread added: 0x000001715e93cd20
Event: 0.153 Thread 0x000001715e800240 Thread added: 0x000001715ea70760
Event: 0.201 Thread 0x000001713ee92a50 Thread added: 0x00000171a41f2060
Event: 0.201 Thread 0x000001713ee92a50 Thread added: 0x00000171a4150570


Dynamic libraries:
0x00007ff704df0000 - 0x00007ff704dfe000 	C:\Users\Meneses\.jdks\azul-21.0.8\bin\java.exe
0x00007ffa2fbd0000 - 0x00007ffa2fde7000 	C:\WINDOWS\SYSTEM32\ntdll.dll
0x00007ffa2e270000 - 0x00007ffa2e334000 	C:\WINDOWS\System32\KERNEL32.DLL
0x00007ffa2d110000 - 0x00007ffa2d4e2000 	C:\WINDOWS\System32\KERNELBASE.dll
0x00007ffa2ceb0000 - 0x00007ffa2cfc1000 	C:\WINDOWS\System32\ucrtbase.dll
0x00007ffa23c40000 - 0x00007ffa23c59000 	C:\Users\Meneses\.jdks\azul-21.0.8\bin\jli.dll
0x00007ffa1fd60000 - 0x00007ffa1fd7e000 	C:\Users\Meneses\.jdks\azul-21.0.8\bin\VCRUNTIME140.dll
0x00007ffa2ef50000 - 0x00007ffa2f101000 	C:\WINDOWS\System32\USER32.dll
0x00007ffa14cd0000 - 0x00007ffa14f6b000 	C:\WINDOWS\WinSxS\amd64_microsoft.windows.common-controls_6595b64144ccf1df_6.0.22621.5697_none_27154c497380d676\COMCTL32.dll
0x00007ffa2d830000 - 0x00007ffa2d856000 	C:\WINDOWS\System32\win32u.dll
0x00007ffa2e0e0000 - 0x00007ffa2e187000 	C:\WINDOWS\System32\msvcrt.dll
0x00007ffa2f3c0000 - 0x00007ffa2f3e9000 	C:\WINDOWS\System32\GDI32.dll
0x00007ffa2d4f0000 - 0x00007ffa2d613000 	C:\WINDOWS\System32\gdi32full.dll
0x00007ffa2d710000 - 0x00007ffa2d7aa000 	C:\WINDOWS\System32\msvcp_win.dll
0x00007ffa2de80000 - 0x00007ffa2deb1000 	C:\WINDOWS\System32\IMM32.DLL
0x00007ffa29860000 - 0x00007ffa2986c000 	C:\Users\Meneses\.jdks\azul-21.0.8\bin\vcruntime140_1.dll
0x00007ff9f6720000 - 0x00007ff9f67ad000 	C:\Users\Meneses\.jdks\azul-21.0.8\bin\msvcp140.dll
0x00007ff99be80000 - 0x00007ff99cc64000 	C:\Users\Meneses\.jdks\azul-21.0.8\bin\server\jvm.dll
0x00007ffa2f3f0000 - 0x00007ffa2f4a1000 	C:\WINDOWS\System32\ADVAPI32.dll
0x00007ffa2e570000 - 0x00007ffa2e618000 	C:\WINDOWS\System32\sechost.dll
0x00007ffa2d620000 - 0x00007ffa2d648000 	C:\WINDOWS\System32\bcrypt.dll
0x00007ffa2e450000 - 0x00007ffa2e567000 	C:\WINDOWS\System32\RPCRT4.dll
0x00007ffa2eed0000 - 0x00007ffa2ef41000 	C:\WINDOWS\System32\WS2_32.dll
0x00007ffa2baf0000 - 0x00007ffa2bb3d000 	C:\WINDOWS\SYSTEM32\POWRPROF.dll
0x00007ffa23b60000 - 0x00007ffa23b94000 	C:\WINDOWS\SYSTEM32\WINMM.dll
0x00007ffa23540000 - 0x00007ffa2354a000 	C:\WINDOWS\SYSTEM32\VERSION.dll
0x00007ffa2bad0000 - 0x00007ffa2bae3000 	C:\WINDOWS\SYSTEM32\UMPDC.dll
0x00007ffa2bd90000 - 0x00007ffa2bda8000 	C:\WINDOWS\SYSTEM32\kernel.appcore.dll
0x00007ffa27f00000 - 0x00007ffa27f0a000 	C:\Users\Meneses\.jdks\azul-21.0.8\bin\jimage.dll
0x00007ffa2a730000 - 0x00007ffa2a963000 	C:\WINDOWS\SYSTEM32\DBGHELP.DLL
0x00007ffa2f4b0000 - 0x00007ffa2f842000 	C:\WINDOWS\System32\combase.dll
0x00007ffa2def0000 - 0x00007ffa2dfc8000 	C:\WINDOWS\System32\OLEAUT32.dll
0x00007ffa1c930000 - 0x00007ffa1c962000 	C:\WINDOWS\SYSTEM32\dbgcore.DLL
0x00007ffa2d7b0000 - 0x00007ffa2d82b000 	C:\WINDOWS\System32\bcryptPrimitives.dll
0x00007ffa07060000 - 0x00007ffa07070000 	C:\Users\Meneses\.jdks\azul-21.0.8\bin\instrument.dll
0x00007ffa1fae0000 - 0x00007ffa1fb02000 	C:\Users\Meneses\.jdks\azul-21.0.8\bin\java.dll
0x00007ffa2e620000 - 0x00007ffa2eec1000 	C:\WINDOWS\System32\SHELL32.dll
0x00007ffa2cfd0000 - 0x00007ffa2d10f000 	C:\WINDOWS\System32\wintypes.dll
0x00007ffa2aba0000 - 0x00007ffa2b4ba000 	C:\WINDOWS\SYSTEM32\windows.storage.dll
0x00007ffa2f2b0000 - 0x00007ffa2f3bb000 	C:\WINDOWS\System32\SHCORE.dll
0x00007ffa2e190000 - 0x00007ffa2e1f9000 	C:\WINDOWS\System32\shlwapi.dll
0x00007ffa2cbf0000 - 0x00007ffa2cc1b000 	C:\WINDOWS\SYSTEM32\profapi.dll
0x00007ff9f51c0000 - 0x00007ff9f5297000 	C:\Users\Meneses\.jdks\azul-21.0.8\bin\jsvml.dll
0x00007ffa096f0000 - 0x00007ffa09708000 	C:\Users\Meneses\.jdks\azul-21.0.8\bin\zip.dll
0x00007ffa1e770000 - 0x00007ffa1e782000 	C:\Users\Meneses\.jdks\azul-21.0.8\bin\net.dll
0x00007ffa25970000 - 0x00007ffa25a9c000 	C:\WINDOWS\SYSTEM32\WINHTTP.dll
0x00007ffa2c260000 - 0x00007ffa2c2c9000 	C:\WINDOWS\system32\mswsock.dll
0x00007ffa1e750000 - 0x00007ffa1e766000 	C:\Users\Meneses\.jdks\azul-21.0.8\bin\nio.dll
0x00007ffa251b0000 - 0x00007ffa251b9000 	C:\Users\Meneses\.jdks\azul-21.0.8\bin\extnet.dll

JVMTI agents:
C:\Program Files\JetBrains\IntelliJ IDEA Community Edition 2025.1.4.1\lib\idea_rt.jar path:C:\Users\Meneses\.jdks\azul-21.0.8\bin\instrument.dll, loaded, initialized, instrumentlib options:57664

dbghelp: loaded successfully - version: 4.0.5 - missing functions: none
symbol engine: initialized successfully - sym options: 0x614 - pdb path: .;C:\Users\Meneses\.jdks\azul-21.0.8\bin;C:\WINDOWS\SYSTEM32;C:\WINDOWS\WinSxS\amd64_microsoft.windows.common-controls_6595b64144ccf1df_6.0.22621.5697_none_27154c497380d676;C:\Users\Meneses\.jdks\azul-21.0.8\bin\server

VM Arguments:
jvm_args: -javaagent:C:\Program Files\JetBrains\IntelliJ IDEA Community Edition 2025.1.4.1\lib\idea_rt.jar=57664 -Dfile.encoding=UTF-8 -Dsun.stdout.encoding=UTF-8 -Dsun.stderr.encoding=UTF-8 
java_command: com.meneses.bffagendadortarefas.BffAgendadorTarefasApplication
java_class_path (initial): C:\Users\Meneses\OneDrive\Desktop\Repositorio\bff-agendador-tarefas\target\classes;C:\Users\Meneses\.m2\repository\org\springframework\boot\spring-boot-starter-web\3.5.5\spring-boot-starter-web-3.5.5.jar;C:\Users\Meneses\.m2\repository\org\springframework\boot\spring-boot-starter\3.5.5\spring-boot-starter-3.5.5.jar;C:\Users\Meneses\.m2\repository\org\springframework\boot\spring-boot\3.5.5\spring-boot-3.5.5.jar;C:\Users\Meneses\.m2\repository\org\springframework\boot\spring-boot-autoconfigure\3.5.5\spring-boot-autoconfigure-3.5.5.jar;C:\Users\Meneses\.m2\repository\org\springframework\boot\spring-boot-starter-logging\3.5.5\spring-boot-starter-logging-3.5.5.jar;C:\Users\Meneses\.m2\repository\ch\qos\logback\logback-classic\1.5.18\logback-classic-1.5.18.jar;C:\Users\Meneses\.m2\repository\ch\qos\logback\logback-core\1.5.18\logback-core-1.5.18.jar;C:\Users\Meneses\.m2\repository\org\apache\logging\log4j\log4j-to-slf4j\2.24.3\log4j-to-slf4j-2.24.3.jar;C:\Users\Meneses\.m2\repository\org\apache\logging\log4j\log4j-api\2.24.3\log4j-api-2.24.3.jar;C:\Users\Meneses\.m2\repository\org\slf4j\jul-to-slf4j\2.0.17\jul-to-slf4j-2.0.17.jar;C:\Users\Meneses\.m2\repository\jakarta\annotation\jakarta.annotation-api\2.1.1\jakarta.annotation-api-2.1.1.jar;C:\Users\Meneses\.m2\repository\org\yaml\snakeyaml\2.4\snakeyaml-2.4.jar;C:\Users\Meneses\.m2\repository\org\springframework\boot\spring-boot-starter-json\3.5.5\spring-boot-starter-json-3.5.5.jar;C:\Users\Meneses\.m2\repository\com\fasterxml\jackson\core\jackson-databind\2.19.2\jackson-databind-2.19.2.jar;C:\Users\Meneses\.m2\repository\com\fasterxml\jackson\core\jackson-annotations\2.19.2\jackson-annotations-2.19.2.jar;C:\Users\Meneses\.m2\repository\com\fasterxml\jackson\core\jackson-core\2.19.2\jackson-core-2.19.2.jar;C:\Users\Meneses\.m2\repository\com\fasterxml\jackson\datatype\jackson-datatype-jdk8\2.19.2\jackson-datatype-jdk8-2.19.2.jar;C:\Users\Meneses\.m2\repository\com\fasterxml\jackson\datatype\jackson-datatype-jsr310\2.19.2\jackson-datatype-jsr310-2.19.2.jar;C:\Users\Meneses\.m2\repository\com\fasterxml\jackson\module\jackson-module-parameter-names\2.19.2\jackson-module-parameter-names-2.19.2.jar;C:\Users\Meneses\.m2\repository\org\springframework\boot\spring-boot-starter-tomcat\3.5.5\spring-boot-starter-tomcat-3.5.5.jar;C:\Users\Meneses\.m2\repository\org\apache\tomcat\embed\tomcat-embed-core\10.1.44\tomcat-embed-core-10.1.44.jar;C:\Users\Meneses\.m2\repository\org\apache\tomcat\embed\tomcat-embed-el\10.1.44\tomcat-embed-el-10.1.44.jar;C:\Users\Meneses\.m2\repository\org\apache\tomcat\embed\tomcat-embed-websocket\10.1.44\tomcat-embed-websocket-10.1.44.jar;C:\Users\Meneses\.m2\repository\org\springframework\spring-web\6.2.10\spring-web-6.2.10.jar;C:\Users\Meneses\.m2\repository\org\springframework\spring-beans\6.2.10\spring-beans-6.2.10.jar;C:\Users\Meneses\.m2\repository\io\micrometer\micrometer-observation\1.15.3\micrometer-observation-1.15.3.jar;C:\Users\Meneses\.m2\repository\io\micrometer\micrometer-commons\1.15.3\micrometer-commons-1.15.3.jar;C:\Users\Meneses\.m2\repository\org\springframework\spring-webmvc\6.2.10\spring-webmvc-6.2.10.jar;C:\Users\Meneses\.m2\repository\org\springframework\spring-aop\6.2.10\spring-aop-6.2.10.jar;C:\Users\Meneses\.m2\repository\org\springframework\spring-context\6.2.10\spring-context-6.2.10.jar;C:\Users\Meneses\.m2\repository\org\springframework\spring-expression\6.2.10\spring-expression-6.2.10.jar;C:\Users\Meneses\.m2\repository\org\springframework\cloud\spring-cloud-starter-openfeign\4.3.0\spring-cloud-starter-openfeign-4.3.0.jar;C:\Users\Meneses\.m2\repository\org\springframework\cloud\spring-cloud-starter\4.3.0\spring-cloud-starter-4.3.0.jar;C:\Users\Meneses\.m2\repository\org\springframework\cloud\spring-cloud-context\4.3.0\spring-cloud-context-4.3.0.jar;C:\Users\Meneses\.m2\repository\org\bouncycastle\bcprov-jdk18on\1.80\bcprov-jdk18on-1.80.jar;C:\Users\Meneses\.m2\repository\org\springframework\cloud\spring-cloud-openfeign-core\4.3.0\spring-cloud-openfeign-core-4.3.0.jar;C:\Users\Meneses\.m2\repository\io\github\openfeign\feign-form-spring\13.6\feign-form-spring-13.6.jar;C:\Users\Meneses\.m2\repository\org\apache\commons\commons-text\1.13.0\commons-text-1.13.0.jar;C:\Users\Meneses\.m2\repository\org\apache\commons\commons-lang3\3.17.0\commons-lang3-3.17.0.jar;C:\Users\Meneses\.m2\repository\io\github\openfeign\feign-form\13.6\feign-form-13.6.jar;C:\Users\Meneses\.m2\repository\commons-fileupload\commons-fileupload\1.5\commons-fileupload-1.5.jar;C:\Users\Meneses\.m2\repository\org\springframework\cloud\spring-cloud-commons\4.3.0\spring-cloud-commons-4.3.0.jar;C:\Users\Meneses\.m2\repository\org\springframework\security\spring-security-crypto\6.5.3\spring-security-crypto-6.5.3.jar;C:\Users\Meneses\.m2\repository\io\github\openfeign\feign-core\13.6\feign-core-13.6.jar;C:\Users\Meneses\.m2\repository\io\github\openfeign\feign-slf4j\13.6\feign-slf4j-13.6.jar;C:\Users\Meneses\.m2\repository\org\slf4j\slf4j-api\2.0.17\slf4j-api-2.0.17.jar;C:\Users\Meneses\.m2\repository\org\springdoc\springdoc-openapi-starter-webmvc-ui\2.8.10\springdoc-openapi-starter-webmvc-ui-2.8.10.jar;C:\Users\Meneses\.m2\repository\org\springdoc\springdoc-openapi-starter-webmvc-api\2.8.10\springdoc-openapi-starter-webmvc-api-2.8.10.jar;C:\Users\Meneses\.m2\repository\org\springdoc\springdoc-openapi-starter-common\2.8.10\springdoc-openapi-starter-common-2.8.10.jar;C:\Users\Meneses\.m2\repository\org\springframework\boot\spring-boot-starter-validation\3.5.5\spring-boot-starter-validation-3.5.5.jar;C:\Users\Meneses\.m2\repository\org\hibernate\validator\hibernate-validator\8.0.3.Final\hibernate-validator-8.0.3.Final.jar;C:\Users\Meneses\.m2\repository\org\jboss\logging\jboss-logging\3.6.1.Final\jboss-logging-3.6.1.Final.jar;C:\Users\Meneses\.m2\repository\com\fasterxml\classmate\1.7.0\classmate-1.7.0.jar;C:\Users\Meneses\.m2\repository\io\swagger\core\v3\swagger-core-jakarta\2.2.36\swagger-core-jakarta-2.2.36.jar;C:\Users\Meneses\.m2\repository\io\swagger\core\v3\swagger-annotations-jakarta\2.2.36\swagger-annotations-jakarta-2.2.36.jar;C:\Users\Meneses\.m2\repository\io\swagger\core\v3\swagger-models-jakarta\2.2.36\swagger-models-jakarta-2.2.36.jar;C:\Users\Meneses\.m2\repository\jakarta\validation\jakarta.validation-api\3.0.2\jakarta.validation-api-3.0.2.jar;C:\Users\Meneses\.m2\repository\com\fasterxml\jackson\dataformat\jackson-dataformat-yaml\2.19.2\jackson-dataformat-yaml-2.19.2.jar;C:\Users\Meneses\.m2\repository\org\webjars\swagger-ui\5.27.1\swagger-ui-5.27.1.jar;C:\Users\Meneses\.m2\repository\org\webjars\webjars-locator-lite\1.1.0\webjars-locator-lite-1.1.0.jar;C:\Users\Meneses\.m2\repository\org\jspecify\jspecify\1.0.0\jspecify-1.0.0.jar;C:\Users\Meneses\.m2\repository\org\projectlombok\lombok\1.18.38\lombok-1.18.38.jar;C:\Users\Meneses\.m2\repository\jakarta\xml\bind\jakarta.xml.bind-api\4.0.2\jakarta.xml.bind-api-4.0.2.jar;C:\Users\Meneses\.m2\repository\jakarta\activation\jakarta.activation-api\2.1.3\jakarta.activation-api-2.1.3.jar;C:\Users\Meneses\.m2\repository\org\springframework\spring-core\6.2.10\spring-core-6.2.10.jar;C:\Users\Meneses\.m2\repository\org\springframework\spring-jcl\6.2.10\spring-jcl-6.2.10.jar
Launcher Type: SUN_STANDARD

[Global flags]
     intx CICompilerCount                          = 4                                         {product} {ergonomic}
     uint ConcGCThreads                            = 3                                         {product} {ergonomic}
     uint G1ConcRefinementThreads                  = 10                                        {product} {ergonomic}
   size_t G1HeapRegionSize                         = 2097152                                   {product} {ergonomic}
    uintx GCDrainStackTargetSize                   = 64                                        {product} {ergonomic}
   size_t InitialHeapSize                          = 266338304                                 {product} {ergonomic}
   size_t MarkStackSize                            = 4194304                                   {product} {ergonomic}
   size_t MaxHeapSize                              = 4246732800                                {product} {ergonomic}
   size_t MaxNewSize                               = 2548039680                                {product} {ergonomic}
   size_t MinHeapDeltaBytes                        = 2097152                                   {product} {ergonomic}
   size_t MinHeapSize                              = 8388608                                   {product} {ergonomic}
    uintx NonNMethodCodeHeapSize                   = 5839372                                {pd product} {ergonomic}
    uintx NonProfiledCodeHeapSize                  = 122909434                              {pd product} {ergonomic}
    uintx ProfiledCodeHeapSize                     = 122909434                              {pd product} {ergonomic}
    uintx ReservedCodeCacheSize                    = 251658240                              {pd product} {ergonomic}
     bool SegmentedCodeCache                       = true                                      {product} {ergonomic}
   size_t SoftMaxHeapSize                          = 4246732800                             {manageable} {ergonomic}
     bool UseCompressedOops                        = true                           {product lp64_product} {ergonomic}
     bool UseG1GC                                  = true                                      {product} {ergonomic}
     bool UseLargePagesIndividualAllocation        = false                                  {pd product} {ergonomic}

Logging:
Log output configuration:
 #0: stdout all=warning uptime,level,tags foldmultilines=false
 #1: stderr all=off uptime,level,tags foldmultilines=false

Environment Variables:
JAVA_HOME=C:\Program Files\Java\zulu17.60.17-ca-jdk17.0.16-win_x64
PATH=C:\Program Files\Java\zulu17.60.17-ca-jdk17.0.16-win_x64\bin;C:\Program Files\Java\jdk-24\bin;C:\Windows\system32;C:\Windows;C:\Windows\System32\Wbem;C:\Windows\System32\WindowsPowerShell\v1.0\;C:\Windows\System32\OpenSSH\;C:\Program Files (x86)\NVIDIA Corporation\PhysX\Common;C:\WINDOWS\system32;C:\WINDOWS;C:\WINDOWS\System32\Wbem;C:\WINDOWS\System32\WindowsPowerShell\v1.0\;C:\WINDOWS\System32\OpenSSH\;C:\Program Files\dotnet\;C:\WINDOWS\system32;C:\WINDOWS;C:\WINDOWS\System32\Wbem;C:\WINDOWS\System32\WindowsPowerShell\v1.0\;C:\WINDOWS\System32\OpenSSH\;C:\Program Files\Git\cmd;C:\Users\Meneses\AppData\Local\Microsoft\WindowsApps;C:\Users\Meneses\AppData\Local\GitHubDesktop\bin
USERNAME=Meneses
OS=Windows_NT
PROCESSOR_IDENTIFIER=Intel64 Family 6 Model 158 Stepping 10, GenuineIntel
TMP=C:\Users\Meneses\AppData\Local\Temp
TEMP=C:\Users\Meneses\AppData\Local\Temp




Periodic native trim disabled

---------------  S Y S T E M  ---------------

OS:
 Windows 11 , 64 bit Build 22621 (10.0.22621.5415)
OS uptime: 3 days 2:24 hours

CPU: total 12 (initial active 12) (6 cores per cpu, 2 threads per core) family 6 model 158 stepping 10 microcode 0xde, cx8, cmov, fxsr, ht, mmx, 3dnowpref, sse, sse2, sse3, ssse3, sse4.1, sse4.2, popcnt, lzcnt, tsc, tscinvbit, avx, avx2, aes, erms, clmul, bmi1, bmi2, adx, fma, vzeroupper, clflush, clflushopt, rdtscp, f16c
Processor Information for the first 12 processors :
  Max Mhz: 2592, Current Mhz: 2592, Mhz Limit: 2592

Memory: 4k page, system-wide physical 16196M (2071M free)
TotalPageFile size 22282M (AvailPageFile size 2M)
current process WorkingSet (physical memory assigned to process): 104M, peak: 104M
current process commit charge ("private bytes"): 368M, peak: 369M

vm_info: OpenJDK 64-Bit Server VM (21.0.8+9-LTS) for windows-amd64 JRE (21.0.8+9-LTS) (Zulu21.44+17-CA), built on 2025-06-30T16:19:55Z by "zulu_re" with MS VC++ 17.1 (VS2022)

END.
